Data;Banca;Horário ;Premio;Milhar ;Centena;Grupo;Bicho
19/06/2026;PPT;09:30;1º;2826;826;7;Carneiro
19/06/2026;PPT;09:30;2º;3441;441;11;Cavalo
19/06/2026;PPT;09:30;3º;3529;529;8;Camelo
19/06/2026;PPT;09:30;4º;5383;383;21;Touro
19/06/2026;PPT;09:30;5º;9907;907;2;Águia
19/06/2026;PTM;11:30;1º;8628;628;7;Carneiro
19/06/2026;PTM;11:30;2º;8377;377;20;Peru
19/06/2026;PTM;11:30;3º;2045;45;12;Elefante
19/06/2026;PTM;11:30;4º;1752;752;13;Galo
19/06/2026;PTM;11:30;5º;228;228;7;Carneiro
19/06/2026;PT;14:30;1º;4592;592;23;Urso
19/06/2026;PT;14:30;2º;553;553;14;Gato
19/06/2026;PT;14:30;3º;4633;633;9;Cobra
19/06/2026;PT;14:30;4º;9643;643;11;Cavalo
19/06/2026;PT;14:30;5º;1089;89;23;Urso
19/06/2026;PTV;16:30;1º;5958;958;15;Jacaré
19/06/2026;PTV;16:30;2º;8577;577;20;Peru
19/06/2026;PTV;16:30;3º;1761;761;16;Leão
19/06/2026;PTV;16:30;4º;7810;810;3;Burro
19/06/2026;PTV;16:30;5º;5412;412;3;Burro
19/06/2026;PTN;18:30;1º;8624;624;6;Cabra
19/06/2026;PTN;18:30;2º;7930;930;8;Camelo
19/06/2026;PTN;18:30;3º;8450;450;13;Galo
19/06/2026;PTN;18:30;4º;8225;225;7;Carneiro
19/06/2026;PTN;18:30;5º;7117;117;5;Cachorro
19/06/2026;PPT;09:30;1º;2826;826;7;Carneiro
19/06/2026;PPT;09:30;2º;3441;441;11;Cavalo
19/06/2026;PPT;09:30;3º;3529;529;8;Camelo
19/06/2026;PPT;09:30;4º;5383;383;21;Touro
19/06/2026;PPT;09:30;5º;9907;907;2;Águia
19/06/2026;PTM;11:30;1º;8628;628;7;Carneiro
19/06/2026;PTM;11:30;2º;8377;377;20;Peru
19/06/2026;PTM;11:30;3º;2045;45;12;Elefante
19/06/2026;PTM;11:30;4º;1752;752;13;Galo
19/06/2026;PTM;11:30;5º;228;228;7;Carneiro
19/06/2026;PT;14:30;1º;4592;592;23;Urso
19/06/2026;PT;14:30;2º;553;553;14;Gato
19/06/2026;PT;14:30;3º;4633;633;9;Cobra
19/06/2026;PT;14:30;4º;9643;643;11;Cavalo
19/06/2026;PT;14:30;5º;1089;89;23;Urso
19/06/2026;PTV;16:30;1º;5958;958;15;Jacaré
19/06/2026;PTV;16:30;2º;8577;577;20;Peru
19/06/2026;PTV;16:30;3º;1761;761;16;Leão
19/06/2026;PTV;16:30;4º;7810;810;3;Burro
19/06/2026;PTV;16:30;5º;5412;412;3;Burro
19/06/2026;PTN;18:30;1º;8624;624;6;Cabra
19/06/2026;PTN;18:30;2º;7930;930;8;Camelo
19/06/2026;PTN;18:30;3º;8450;450;13;Galo
19/06/2026;PTN;18:30;4º;8225;225;7;Carneiro
19/06/2026;PTN;18:30;5º;7117;117;5;Cachorro
19/06/2026;CORUJA;21:30;1º;3047;47;12;Elefante
19/06/2026;CORUJA;21:30;2º;2002;2;1;Avestruz
19/06/2026;CORUJA;21:30;3º;5105;105;2;Águia
19/06/2026;CORUJA;21:30;4º;2201;201;1;Avestruz
19/06/2026;CORUJA;21:30;5º;2243;243;11;Cavalo
20/06/2026;PPT;09:30;1º;1592;592;23;Urso
20/06/2026;PPT;09:30;2º;442;442;11;Cavalo
20/06/2026;PPT;09:30;3º;2513;513;4;Borboleta
20/06/2026;PPT;09:30;4º;2888;888;22;Tigre
20/06/2026;PPT;09:30;5º;7720;720;5;Cachorro
10/07/2026;PPT;09:30;1º;8591;591;23;Urso
10/07/2026;PPT;09:30;2º;4945;945;12;Elefante
10/07/2026;PPT;09:30;3º;3714;714;4;Borboleta
10/07/2026;PPT;09:30;4º;4351;351;13;Galo
10/07/2026;PPT;09:30;5º;6986;986;22;Tigre
10/07/2026;PTM;11:30;1º;5015;15;4;Borboleta
10/07/2026;PTM;11:30;2º;1456;456;14;Gato
10/07/2026;PTM;11:30;3º;358;358;15;Jacaré
10/07/2026;PTM;11:30;4º;3617;617;5;Cachorro
10/07/2026;PTM;11:30;5º;7298;298;25;Vaca
10/07/2026;PT;14:30;1º;346;346;12;Elefante
10/07/2026;PT;14:30;2º;9263;263;16;Leão
10/07/2026;PT;14:30;3º;6164;164;16;Leão
10/07/2026;PT;14:30;4º;4885;885;22;Tigre
10/07/2026;PT;14:30;5º;3284;284;21;Touro
10/07/2026;PTV;16:30;1º;8119;119;5;Cachorro
10/07/2026;PTV;16:30;2º;2503;503;1;Avestruz
10/07/2026;PTV;16:30;3º;6333;333;9;Cobra
10/07/2026;PTV;16:30;4º;9772;772;18;Porco
10/07/2026;PTV;16:30;5º;2088;88;22;Tigre
10/07/2026;PTN;18:30;1º;8781;781;21;Touro
10/07/2026;PTN;18:30;2º;1262;262;16;Leão
10/07/2026;PTN;18:30;3º;426;426;7;Carneiro
10/07/2026;PTN;18:30;4º;7262;262;16;Leão
10/07/2026;PTN;18:30;5º;8911;911;3;Burro
15/07/2026;PPT;09:30;1º;2261;261;16;Leão
15/07/2026;PPT;09:30;2º;3636;636;9;Cobra
15/07/2026;PPT;09:30;3º;6568;568;17;Macaco
15/07/2026;PPT;09:30;4º;5309;309;3;Burro
15/07/2026;PPT;09:30;5º;2196;196;24;Veado
15/07/2026;PTM;11:30;1º;6558;558;15;Jacaré
15/07/2026;PTM;11:30;2º;3157;157;15;Jacaré
15/07/2026;PTM;11:30;3º;3004;4;1;Avestruz
15/07/2026;PTM;11:30;4º;9209;209;3;Burro
15/07/2026;PTM;11:30;5º;3417;417;5;Cachorro
15/07/2026;PT;14:30;1º;6797;797;25;Vaca
15/07/2026;PT;14:30;2º;4214;214;4;Borboleta
15/07/2026;PT;14:30;3º;4204;204;1;Avestruz
15/07/2026;PT;14:30;4º;9467;467;17;Macaco
15/07/2026;PT;14:30;5º;4191;191;23;Urso
15/07/2026;PTV;16:30;1º;283;283;21;Touro
15/07/2026;PTV;16:30;2º;3274;274;19;Pavão
15/07/2026;PTV;16:30;3º;6594;594;24;Veado
15/07/2026;PTV;16:30;4º;247;247;12;Elefante
15/07/2026;PTV;16:30;5º;9483;483;21;Touro
15/07/2026;Federal;--:--;1º;9184;184;21;Touro
15/07/2026;Federal;--:--;2º;3600;600;25;Vaca
15/07/2026;Federal;--:--;3º;9773;773;19;Pavão
15/07/2026;Federal;--:--;4º;4824;824;6;Cabra
15/07/2026;Federal;--:--;5º;8016;16;4;Borboleta
15/07/2026;CORUJA;21:30;1º;9925;925;7;Carneiro
15/07/2026;CORUJA;21:30;2º;2241;241;11;Cavalo
15/07/2026;CORUJA;21:30;3º;41;41;11;Cavalo
15/07/2026;CORUJA;21:30;4º;947;947;12;Elefante
15/07/2026;CORUJA;21:30;5º;8012;12;3;Burro
16/07/2026;PPT;09:30;1º;2519;519;5;Cachorro
16/07/2026;PPT;09:30;2º;1254;254;14;Gato
16/07/2026;PPT;09:30;3º;7167;167;17;Macaco
16/07/2026;PPT;09:30;4º;4179;179;20;Peru
16/07/2026;PPT;09:30;5º;238;238;10;Coelho
16/07/2026;PTM;11:30;1º;66;66;17;Macaco
16/07/2026;PTM;11:30;2º;1534;534;9;Cobra
16/07/2026;PTM;11:30;3º;3925;925;7;Carneiro
16/07/2026;PTM;11:30;4º;3223;223;6;Cabra
16/07/2026;PTM;11:30;5º;5773;773;19;Pavão
17/07/2026;PPT;09:30;1º;7887;887;22;Tigre
17/07/2026;PPT;09:30;2º;9809;809;3;Burro
17/07/2026;PPT;09:30;3º;6770;770;18;Porco
17/07/2026;PPT;09:30;4º;6616;616;4;Borboleta
17/07/2026;PPT;09:30;5º;8632;632;8;Camelo
17/07/2026;PTM;11:30;1º;5764;764;16;Leão
17/07/2026;PTM;11:30;2º;6978;978;20;Peru
17/07/2026;PTM;11:30;3º;1266;266;17;Macaco
17/07/2026;PTM;11:30;4º;9650;650;13;Galo
17/07/2026;PTM;11:30;5º;3194;194;24;Veado
17/07/2026;PT;14:30;1º;1320;320;5;Cachorro
17/07/2026;PT;14:30;2º;6499;499;25;Vaca
17/07/2026;PT;14:30;3º;1479;479;20;Peru
17/07/2026;PT;14:30;4º;2833;833;9;Cobra
17/07/2026;PT;14:30;5º;3950;950;13;Galo
18/07/2026;PPT;09:30;1º;4212;212;03;Burro
18/07/2026;PPT;09:30;2º;0296;296;24;Veado
18/07/2026;PPT;09:30;3º;7535;535;09;Cobra
18/07/2026;PPT;09:30;4º;6212;212;03;Burro
18/07/2026;PPT;09:30;5º;4825;825;07;Carneiro
18/07/2026;PTM;11:30;1º;4687;687;22;Tigre
18/07/2026;PTM;11:30;2º;5405;405;02;Águia
18/07/2026;PTM;11:30;3º;4635;635;09;Cobra
18/07/2026;PTM;11:30;4º;6171;171;18;Porco
18/07/2026;PTM;11:30;5º;2769;769;18;Porco
20/07/2026;PPT;09:30;1º;7695;695;24;Veado
20/07/2026;PPT;09:30;2º;4164;164;16;Leão
20/07/2026;PPT;09:30;3º;2884;884;21;Touro
20/07/2026;PPT;09:30;4º;3050;050;13;Galo
20/07/2026;PPT;09:30;5º;9677;677;20;Peru
20/07/2026;PTM;11:30;1º;4555;555;14;Gato
20/07/2026;PTM;11:30;2º;8737;737;10;Coelho
20/07/2026;PTM;11:30;3º;0450;450;13;Galo
20/07/2026;PTM;11:30;4º;0167;167;17;Macaco
20/07/2026;PTM;11:30;5º;6748;748;12;Elefante
20/07/2026;PT;14:30;1º;0854;854;14;Gato
20/07/2026;PT;14:30;2º;3970;970;18;Porco
20/07/2026;PT;14:30;3º;7240;240;10;Coelho
20/07/2026;PT;14:30;4º;6740;740;10;Coelho
20/07/2026;PT;14:30;5º;1603;603;01;Avestruz
20/07/2026;PTV;16:30;1º;5716;716;04;Borboleta
20/07/2026;PTV;16:30;2º;1169;169;18;Porco
20/07/2026;PTV;16:30;3º;5746;746;12;Elefante
20/07/2026;PTV;16:30;4º;8565;565;17;Macaco
20/07/2026;PTV;16:30;5º;8610;610;03;Burro
20/07/2026;Ptn;--:--;1º;6488;488;22;Tigre
20/07/2026;Ptn;--:--;2º;1870;870;18;Porco
20/07/2026;Ptn;--:--;3º;3708;708;02;Águia
20/07/2026;Ptn;--:--;4º;3490;490;23;Urso
20/07/2026;Ptn;--:--;5º;6174;174;19;Pavão
20/07/2026;PPT;09:30;1º;7695;695;24;Veado
20/07/2026;PPT;09:30;2º;4164;164;16;Leão
20/07/2026;PPT;09:30;3º;2884;884;21;Touro
20/07/2026;PPT;09:30;4º;3050;050;13;Galo
20/07/2026;PPT;09:30;5º;9677;677;20;Peru
20/07/2026;PTM;11:30;1º;4555;555;14;Gato
20/07/2026;PTM;11:30;2º;8737;737;10;Coelho
20/07/2026;PTM;11:30;3º;0450;450;13;Galo
20/07/2026;PTM;11:30;4º;0167;167;17;Macaco
20/07/2026;PTM;11:30;5º;6748;748;12;Elefante
20/07/2026;PT;14:30;1º;0854;854;14;Gato
20/07/2026;PT;14:30;2º;3970;970;18;Porco
20/07/2026;PT;14:30;3º;7240;240;10;Coelho
20/07/2026;PT;14:30;4º;6740;740;10;Coelho
20/07/2026;PT;14:30;5º;1603;603;01;Avestruz
20/07/2026;PTV;16:30;1º;5716;716;04;Borboleta
20/07/2026;PTV;16:30;2º;1169;169;18;Porco
20/07/2026;PTV;16:30;3º;5746;746;12;Elefante
20/07/2026;PTV;16:30;4º;8565;565;17;Macaco
20/07/2026;PTV;16:30;5º;8610;610;03;Burro
20/07/2026;Ptn;--:--;1º;6488;488;22;Tigre
20/07/2026;Ptn;--:--;2º;1870;870;18;Porco
20/07/2026;Ptn;--:--;3º;3708;708;02;Águia
20/07/2026;Ptn;--:--;4º;3490;490;23;Urso
20/07/2026;Ptn;--:--;5º;6174;174;19;Pavão
21/07/2026;PPT;09:30;1º;1604;604;01;Avestruz
21/07/2026;PPT;09:30;2º;6056;056;14;Gato
21/07/2026;PPT;09:30;3º;5978;978;20;Peru
21/07/2026;PPT;09:30;4º;2130;130;08;Camelo
21/07/2026;PPT;09:30;5º;3162;162;16;Leão
21/07/2026;PPT;09:30;1º;1604;604;01;Avestruz
21/07/2026;PPT;09:30;2º;6056;056;14;Gato
21/07/2026;PPT;09:30;3º;5978;978;20;Peru
21/07/2026;PPT;09:30;4º;2130;130;08;Camelo
21/07/2026;PPT;09:30;5º;3162;162;16;Leão
21/07/2026;PTM;11:30;1º;4639;639;10;Coelho
21/07/2026;PTM;11:30;2º;3980;980;20;Peru
21/07/2026;PTM;11:30;3º;0249;249;13;Galo
21/07/2026;PTM;11:30;4º;6513;513;04;Borboleta
21/07/2026;PTM;11:30;5º;1674;674;19;Pavão
21/07/2026;PPT;09:30;1º;1604;604;01;Avestruz
21/07/2026;PPT;09:30;2º;6056;056;14;Gato
21/07/2026;PPT;09:30;3º;5978;978;20;Peru
21/07/2026;PPT;09:30;4º;2130;130;08;Camelo
21/07/2026;PPT;09:30;5º;3162;162;16;Leão
21/07/2026;PTM;11:30;1º;4639;639;10;Coelho
21/07/2026;PTM;11:30;2º;3980;980;20;Peru
21/07/2026;PTM;11:30;3º;0249;249;13;Galo
21/07/2026;PTM;11:30;4º;6513;513;04;Borboleta
21/07/2026;PTM;11:30;5º;1674;674;19;Pavão
21/07/2026;PT;14:30;1º;6799;799;25;Vaca
21/07/2026;PT;14:30;2º;1633;633;09;Cobra
21/07/2026;PT;14:30;3º;8894;894;24;Veado
21/07/2026;PT;14:30;4º;9829;829;08;Camelo
21/07/2026;PT;14:30;5º;5031;031;08;Camelo
21/07/2026;PTV;16:30;1º;6128;128;07;Carneiro
21/07/2026;PTV;16:30;2º;2698;698;25;Vaca
21/07/2026;PTV;16:30;3º;6424;424;06;Cabra
21/07/2026;PTV;16:30;4º;4316;316;04;Borboleta
21/07/2026;PTV;16:30;5º;3627;627;07;Carneiro
21/07/2026;Ptn;--:--;1º;5652;652;13;Galo
21/07/2026;Ptn;--:--;2º;2145;145;12;Elefante
21/07/2026;Ptn;--:--;3º;4433;433;09;Cobra
21/07/2026;Ptn;--:--;4º;1980;980;20;Peru
21/07/2026;Ptn;--:--;5º;8177;177;20;Peru
28/07/2026;PPT;09:30;1º;3555;555;14;Gato
28/07/2026;PPT;09:30;2º;6178;178;20;Peru
28/07/2026;PPT;09:30;3º;0434;434;09;Cobra
28/07/2026;PPT;09:30;4º;9143;143;11;Cavalo
28/07/2026;PPT;09:30;5º;0839;839;10;Coelho
28/07/2026;PTM;11:30;1º;7882;882;21;Touro
28/07/2026;PTM;11:30;2º;2577;577;20;Peru
28/07/2026;PTM;11:30;3º;0815;815;04;Borboleta
28/07/2026;PTM;11:30;4º;4772;772;18;Porco
28/07/2026;PTM;11:30;5º;2988;988;22;Tigre
28/07/2026;PT;14:30;1º;5021;021;06;Cabra
28/07/2026;PT;14:30;2º;4893;893;24;Veado
28/07/2026;PT;14:30;3º;0271;271;18;Porco
28/07/2026;PT;14:30;4º;8215;215;04;Borboleta
28/07/2026;PT;14:30;5º;0118;118;05;Cachorro
28/07/2026;PTV;16:30;1º;4568;568;17;Macaco
28/07/2026;PTV;16:30;2º;6942;942;11;Cavalo
28/07/2026;PTV;16:30;3º;4826;826;07;Carneiro
28/07/2026;PTV;16:30;4º;5345;345;12;Elefante
28/07/2026;PTV;16:30;5º;8503;503;01;Avestruz
28/07/2026;PPT;09:30;1º;3555;555;14;Gato
28/07/2026;PPT;09:30;2º;6178;178;20;Peru
28/07/2026;PPT;09:30;3º;0434;434;09;Cobra
28/07/2026;PPT;09:30;4º;9143;143;11;Cavalo
28/07/2026;PPT;09:30;5º;0839;839;10;Coelho
28/07/2026;PTM;11:30;1º;7882;882;21;Touro
28/07/2026;PTM;11:30;2º;2577;577;20;Peru
28/07/2026;PTM;11:30;3º;0815;815;04;Borboleta
28/07/2026;PTM;11:30;4º;4772;772;18;Porco
28/07/2026;PTM;11:30;5º;2988;988;22;Tigre
28/07/2026;PT;14:30;1º;5021;021;06;Cabra
28/07/2026;PT;14:30;2º;4893;893;24;Veado
28/07/2026;PT;14:30;3º;0271;271;18;Porco
28/07/2026;PT;14:30;4º;8215;215;04;Borboleta
28/07/2026;PT;14:30;5º;0118;118;05;Cachorro
28/07/2026;PTV;16:30;1º;4568;568;17;Macaco
28/07/2026;PTV;16:30;2º;6942;942;11;Cavalo
28/07/2026;PTV;16:30;3º;4826;826;07;Carneiro
28/07/2026;PTV;16:30;4º;5345;345;12;Elefante
28/07/2026;PTV;16:30;5º;8503;503;01;Avestruz
28/07/2026;Ptn;--:--;1º;1472;472;18;Porco
28/07/2026;Ptn;--:--;2º;6194;194;24;Veado
28/07/2026;Ptn;--:--;3º;5325;325;07;Carneiro
28/07/2026;Ptn;--:--;4º;1598;598;25;Vaca
28/07/2026;Ptn;--:--;5º;3996;996;24;Veado
28/07/2026;PPT;09:30;1º;3555;555;14;Gato
28/07/2026;PPT;09:30;2º;6178;178;20;Peru
28/07/2026;PPT;09:30;3º;0434;434;09;Cobra
28/07/2026;PPT;09:30;4º;9143;143;11;Cavalo
28/07/2026;PPT;09:30;5º;0839;839;10;Coelho
28/07/2026;PTM;11:30;1º;7882;882;21;Touro
28/07/2026;PTM;11:30;2º;2577;577;20;Peru
28/07/2026;PTM;11:30;3º;0815;815;04;Borboleta
28/07/2026;PTM;11:30;4º;4772;772;18;Porco
28/07/2026;PTM;11:30;5º;2988;988;22;Tigre
28/07/2026;PT;14:30;1º;5021;021;06;Cabra
28/07/2026;PT;14:30;2º;4893;893;24;Veado
28/07/2026;PT;14:30;3º;0271;271;18;Porco
28/07/2026;PT;14:30;4º;8215;215;04;Borboleta
28/07/2026;PT;14:30;5º;0118;118;05;Cachorro
28/07/2026;PTV;16:30;1º;4568;568;17;Macaco
28/07/2026;PTV;16:30;2º;6942;942;11;Cavalo
28/07/2026;PTV;16:30;3º;4826;826;07;Carneiro
28/07/2026;PTV;16:30;4º;5345;345;12;Elefante
28/07/2026;PTV;16:30;5º;8503;503;01;Avestruz
28/07/2026;Ptn;--:--;1º;1472;472;18;Porco
28/07/2026;Ptn;--:--;2º;6194;194;24;Veado
28/07/2026;Ptn;--:--;3º;5325;325;07;Carneiro
28/07/2026;Ptn;--:--;4º;1598;598;25;Vaca
28/07/2026;Ptn;--:--;5º;3996;996;24;Veado
28/07/2026;CORUJA;21:30;1º;5733;733;09;Cobra
28/07/2026;CORUJA;21:30;2º;4209;209;03;Burro
28/07/2026;CORUJA;21:30;3º;8372;372;18;Porco
28/07/2026;CORUJA;21:30;4º;2913;913;04;Borboleta
28/07/2026;CORUJA;21:30;5º;2055;055;14;Gato
29/07/2026;PPT;09:30;1º;2773;773;19;Pavão
29/07/2026;PPT;09:30;2º;7682;682;21;Touro
29/07/2026;PPT;09:30;3º;2738;738;10;Coelho
29/07/2026;PPT;09:30;4º;7608;608;02;Águia
29/07/2026;PPT;09:30;5º;4867;867;17;Macaco
29/07/2026;PPT;09:30;1º;2773;773;19;Pavão
29/07/2026;PPT;09:30;2º;7682;682;21;Touro
29/07/2026;PPT;09:30;3º;2738;738;10;Coelho
29/07/2026;PPT;09:30;4º;7608;608;02;Águia
29/07/2026;PPT;09:30;5º;4867;867;17;Macaco
29/07/2026;PTM;11:30;1º;8926;926;07;Carneiro
29/07/2026;PTM;11:30;2º;0867;867;17;Macaco
29/07/2026;PTM;11:30;3º;6116;116;04;Borboleta
29/07/2026;PTM;11:30;4º;6278;278;20;Peru
29/07/2026;PTM;11:30;5º;7696;696;24;Veado
29/07/2026;PPT;09:30;1º;2773;773;19;Pavão
29/07/2026;PPT;09:30;2º;7682;682;21;Touro
29/07/2026;PPT;09:30;3º;2738;738;10;Coelho
29/07/2026;PPT;09:30;4º;7608;608;02;Águia
29/07/2026;PPT;09:30;5º;4867;867;17;Macaco
29/07/2026;PTM;11:30;1º;8926;926;07;Carneiro
29/07/2026;PTM;11:30;2º;0867;867;17;Macaco
29/07/2026;PTM;11:30;3º;6116;116;04;Borboleta
29/07/2026;PTM;11:30;4º;6278;278;20;Peru
29/07/2026;PTM;11:30;5º;7696;696;24;Veado
29/07/2026;PPT;09:30;1º;2773;773;19;Pavão
29/07/2026;PPT;09:30;2º;7682;682;21;Touro
29/07/2026;PPT;09:30;3º;2738;738;10;Coelho
29/07/2026;PPT;09:30;4º;7608;608;02;Águia
29/07/2026;PPT;09:30;5º;4867;867;17;Macaco
29/07/2026;PTM;11:30;1º;8926;926;07;Carneiro
29/07/2026;PTM;11:30;2º;0867;867;17;Macaco
29/07/2026;PTM;11:30;3º;6116;116;04;Borboleta
29/07/2026;PTM;11:30;4º;6278;278;20;Peru
29/07/2026;PTM;11:30;5º;7696;696;24;Veado
29/07/2026;PT;14:30;1º;5948;948;12;Elefante
29/07/2026;PT;14:30;2º;9131;131;08;Camelo
29/07/2026;PT;14:30;3º;6749;749;13;Galo
29/07/2026;PT;14:30;4º;9461;461;16;Leão
29/07/2026;PT;14:30;5º;6476;476;19;Pavão
29/07/2026;PPT;09:30;1º;2773;773;19;Pavão
29/07/2026;PPT;09:30;2º;7682;682;21;Touro
29/07/2026;PPT;09:30;3º;2738;738;10;Coelho
29/07/2026;PPT;09:30;4º;7608;608;02;Águia
29/07/2026;PPT;09:30;5º;4867;867;17;Macaco
29/07/2026;PTM;11:30;1º;8926;926;07;Carneiro
29/07/2026;PTM;11:30;2º;0867;867;17;Macaco
29/07/2026;PTM;11:30;3º;6116;116;04;Borboleta
29/07/2026;PTM;11:30;4º;6278;278;20;Peru
29/07/2026;PTM;11:30;5º;7696;696;24;Veado
29/07/2026;PT;14:30;1º;5948;948;12;Elefante
29/07/2026;PT;14:30;2º;9131;131;08;Camelo
29/07/2026;PT;14:30;3º;6749;749;13;Galo
29/07/2026;PT;14:30;4º;9461;461;16;Leão
29/07/2026;PT;14:30;5º;6476;476;19;Pavão
29/07/2026;PPT;09:30;1º;2773;773;19;Pavão
29/07/2026;PPT;09:30;2º;7682;682;21;Touro
29/07/2026;PPT;09:30;3º;2738;738;10;Coelho
29/07/2026;PPT;09:30;4º;7608;608;02;Águia
29/07/2026;PPT;09:30;5º;4867;867;17;Macaco
29/07/2026;PTM;11:30;1º;8926;926;07;Carneiro
29/07/2026;PTM;11:30;2º;0867;867;17;Macaco
29/07/2026;PTM;11:30;3º;6116;116;04;Borboleta
29/07/2026;PTM;11:30;4º;6278;278;20;Peru
29/07/2026;PTM;11:30;5º;7696;696;24;Veado
29/07/2026;PT;14:30;1º;5948;948;12;Elefante
29/07/2026;PT;14:30;2º;9131;131;08;Camelo
29/07/2026;PT;14:30;3º;6749;749;13;Galo
29/07/2026;PT;14:30;4º;9461;461;16;Leão
29/07/2026;PT;14:30;5º;6476;476;19;Pavão
29/07/2026;PTV;16:30;1º;7377;377;20;Peru
29/07/2026;PTV;16:30;2º;9370;370;18;Porco
29/07/2026;PTV;16:30;3º;3158;158;15;Jacaré
29/07/2026;PTV;16:30;4º;4517;517;05;Cachorro
29/07/2026;PTV;16:30;5º;4260;260;15;Jacaré
29/07/2026;PPT;09:30;1º;2773;773;19;Pavão
29/07/2026;PPT;09:30;2º;7682;682;21;Touro
29/07/2026;PPT;09:30;3º;2738;738;10;Coelho
29/07/2026;PPT;09:30;4º;7608;608;02;Águia
29/07/2026;PPT;09:30;5º;4867;867;17;Macaco
29/07/2026;PTM;11:30;1º;8926;926;07;Carneiro
29/07/2026;PTM;11:30;2º;0867;867;17;Macaco
29/07/2026;PTM;11:30;3º;6116;116;04;Borboleta
29/07/2026;PTM;11:30;4º;6278;278;20;Peru
29/07/2026;PTM;11:30;5º;7696;696;24;Veado
29/07/2026;PT;14:30;1º;5948;948;12;Elefante
29/07/2026;PT;14:30;2º;9131;131;08;Camelo
29/07/2026;PT;14:30;3º;6749;749;13;Galo
29/07/2026;PT;14:30;4º;9461;461;16;Leão
29/07/2026;PT;14:30;5º;6476;476;19;Pavão
29/07/2026;PTV;16:30;1º;7377;377;20;Peru
29/07/2026;PTV;16:30;2º;9370;370;18;Porco
29/07/2026;PTV;16:30;3º;3158;158;15;Jacaré
29/07/2026;PTV;16:30;4º;4517;517;05;Cachorro
29/07/2026;PTV;16:30;5º;4260;260;15;Jacaré
29/07/2026;PPT;09:30;1º;2773;773;19;Pavão
29/07/2026;PPT;09:30;2º;7682;682;21;Touro
29/07/2026;PPT;09:30;3º;2738;738;10;Coelho
29/07/2026;PPT;09:30;4º;7608;608;02;Águia
29/07/2026;PPT;09:30;5º;4867;867;17;Macaco
29/07/2026;PTM;11:30;1º;8926;926;07;Carneiro
29/07/2026;PTM;11:30;2º;0867;867;17;Macaco
29/07/2026;PTM;11:30;3º;6116;116;04;Borboleta
29/07/2026;PTM;11:30;4º;6278;278;20;Peru
29/07/2026;PTM;11:30;5º;7696;696;24;Veado
29/07/2026;PT;14:30;1º;5948;948;12;Elefante
29/07/2026;PT;14:30;2º;9131;131;08;Camelo
29/07/2026;PT;14:30;3º;6749;749;13;Galo
29/07/2026;PT;14:30;4º;9461;461;16;Leão
29/07/2026;PT;14:30;5º;6476;476;19;Pavão
29/07/2026;PTV;16:30;1º;7377;377;20;Peru
29/07/2026;PTV;16:30;2º;9370;370;18;Porco
29/07/2026;PTV;16:30;3º;3158;158;15;Jacaré
29/07/2026;PTV;16:30;4º;4517;517;05;Cachorro
29/07/2026;PTV;16:30;5º;4260;260;15;Jacaré
29/07/2026;PPT;09:30;1º;2773;773;19;Pavão
29/07/2026;PPT;09:30;2º;7682;682;21;Touro
29/07/2026;PPT;09:30;3º;2738;738;10;Coelho
29/07/2026;PPT;09:30;4º;7608;608;02;Águia
29/07/2026;PPT;09:30;5º;4867;867;17;Macaco
29/07/2026;PTM;11:30;1º;8926;926;07;Carneiro
29/07/2026;PTM;11:30;2º;0867;867;17;Macaco
29/07/2026;PTM;11:30;3º;6116;116;04;Borboleta
29/07/2026;PTM;11:30;4º;6278;278;20;Peru
29/07/2026;PTM;11:30;5º;7696;696;24;Veado
29/07/2026;PT;14:30;1º;5948;948;12;Elefante
29/07/2026;PT;14:30;2º;9131;131;08;Camelo
29/07/2026;PT;14:30;3º;6749;749;13;Galo
29/07/2026;PT;14:30;4º;9461;461;16;Leão
29/07/2026;PT;14:30;5º;6476;476;19;Pavão
29/07/2026;PTV;16:30;1º;7377;377;20;Peru
29/07/2026;PTV;16:30;2º;9370;370;18;Porco
29/07/2026;PTV;16:30;3º;3158;158;15;Jacaré
29/07/2026;PTV;16:30;4º;4517;517;05;Cachorro
29/07/2026;PTV;16:30;5º;4260;260;15;Jacaré
29/07/2026;Federal;--:--;1º;4621;621;06;Cabra
29/07/2026;Federal;--:--;2º;1500;500;25;Vaca
29/07/2026;Federal;--:--;3º;2794;794;24;Veado
29/07/2026;Federal;--:--;4º;2546;546;12;Elefante
29/07/2026;Federal;--:--;5º;8807;807;02;Águia
29/07/2026;PPT;09:30;1º;2773;773;19;Pavão
29/07/2026;PPT;09:30;2º;7682;682;21;Touro
29/07/2026;PPT;09:30;3º;2738;738;10;Coelho
29/07/2026;PPT;09:30;4º;7608;608;02;Águia
29/07/2026;PPT;09:30;5º;4867;867;17;Macaco
29/07/2026;PTM;11:30;1º;8926;926;07;Carneiro
29/07/2026;PTM;11:30;2º;0867;867;17;Macaco
29/07/2026;PTM;11:30;3º;6116;116;04;Borboleta
29/07/2026;PTM;11:30;4º;6278;278;20;Peru
29/07/2026;PTM;11:30;5º;7696;696;24;Veado
29/07/2026;PT;14:30;1º;5948;948;12;Elefante
29/07/2026;PT;14:30;2º;9131;131;08;Camelo
29/07/2026;PT;14:30;3º;6749;749;13;Galo
29/07/2026;PT;14:30;4º;9461;461;16;Leão
29/07/2026;PT;14:30;5º;6476;476;19;Pavão
29/07/2026;PTV;16:30;1º;7377;377;20;Peru
29/07/2026;PTV;16:30;2º;9370;370;18;Porco
29/07/2026;PTV;16:30;3º;3158;158;15;Jacaré
29/07/2026;PTV;16:30;4º;4517;517;05;Cachorro
29/07/2026;PTV;16:30;5º;4260;260;15;Jacaré
29/07/2026;Federal;--:--;1º;4621;621;06;Cabra
29/07/2026;Federal;--:--;2º;1500;500;25;Vaca
29/07/2026;Federal;--:--;3º;2794;794;24;Veado
29/07/2026;Federal;--:--;4º;2546;546;12;Elefante
29/07/2026;Federal;--:--;5º;8807;807;02;Águia
29/07/2026;CORUJA;21:30;1º;0641;641;11;Cavalo
29/07/2026;CORUJA;21:30;2º;9785;785;22;Tigre
29/07/2026;CORUJA;21:30;3º;8036;036;09;Cobra
29/07/2026;CORUJA;21:30;4º;3421;421;06;Cabra
29/07/2026;CORUJA;21:30;5º;3163;163;16;Leão
30/07/2026;PPT;09:30;1º;7311;311;03;Burro
30/07/2026;PPT;09:30;2º;1538;538;10;Coelho
30/07/2026;PPT;09:30;3º;9562;562;16;Leão
30/07/2026;PPT;09:30;4º;4260;260;15;Jacaré
30/07/2026;PPT;09:30;5º;3620;620;05;Cachorro
30/07/2026;PTM;11:30;1º;3303;303;01;Avestruz
30/07/2026;PTM;11:30;2º;4135;135;09;Cobra
30/07/2026;PTM;11:30;3º;1080;080;20;Peru
30/07/2026;PTM;11:30;4º;0588;588;22;Tigre
30/07/2026;PTM;11:30;5º;3518;518;05;Cachorro
30/07/2026;PPT;09:30;1º;7311;311;03;Burro
30/07/2026;PPT;09:30;2º;1538;538;10;Coelho
30/07/2026;PPT;09:30;3º;9562;562;16;Leão
30/07/2026;PPT;09:30;4º;4260;260;15;Jacaré
30/07/2026;PPT;09:30;5º;3620;620;05;Cachorro
30/07/2026;PTM;11:30;1º;3303;303;01;Avestruz
30/07/2026;PTM;11:30;2º;4135;135;09;Cobra
30/07/2026;PTM;11:30;3º;1080;080;20;Peru
30/07/2026;PTM;11:30;4º;0588;588;22;Tigre
30/07/2026;PTM;11:30;5º;3518;518;05;Cachorro
30/07/2026;PPT;09:30;1º;7311;311;03;Burro
30/07/2026;PPT;09:30;2º;1538;538;10;Coelho
30/07/2026;PPT;09:30;3º;9562;562;16;Leão
30/07/2026;PPT;09:30;4º;4260;260;15;Jacaré
30/07/2026;PPT;09:30;5º;3620;620;05;Cachorro
30/07/2026;PTM;11:30;1º;3303;303;01;Avestruz
30/07/2026;PTM;11:30;2º;4135;135;09;Cobra
30/07/2026;PTM;11:30;3º;1080;080;20;Peru
30/07/2026;PTM;11:30;4º;0588;588;22;Tigre
30/07/2026;PTM;11:30;5º;3518;518;05;Cachorro
30/07/2026;PT;14:30;1º;6376;376;19;Pavão
30/07/2026;PT;14:30;2º;3093;093;24;Veado
30/07/2026;PT;14:30;3º;5207;207;02;Águia
30/07/2026;PT;14:30;4º;0791;791;23;Urso
30/07/2026;PT;14:30;5º;7229;229;08;Camelo
30/07/2026;PPT;09:30;1º;7311;311;03;Burro
30/07/2026;PPT;09:30;2º;1538;538;10;Coelho
30/07/2026;PPT;09:30;3º;9562;562;16;Leão
30/07/2026;PPT;09:30;4º;4260;260;15;Jacaré
30/07/2026;PPT;09:30;5º;3620;620;05;Cachorro
30/07/2026;PTM;11:30;1º;3303;303;01;Avestruz
30/07/2026;PTM;11:30;2º;4135;135;09;Cobra
30/07/2026;PTM;11:30;3º;1080;080;20;Peru
30/07/2026;PTM;11:30;4º;0588;588;22;Tigre
30/07/2026;PTM;11:30;5º;3518;518;05;Cachorro
30/07/2026;PT;14:30;1º;6376;376;19;Pavão
30/07/2026;PT;14:30;2º;3093;093;24;Veado
30/07/2026;PT;14:30;3º;5207;207;02;Águia
30/07/2026;PT;14:30;4º;0791;791;23;Urso
30/07/2026;PT;14:30;5º;7229;229;08;Camelo
30/07/2026;PTV;16:30;1º;9030;030;08;Camelo
30/07/2026;PTV;16:30;2º;2852;852;13;Galo
30/07/2026;PTV;16:30;3º;3543;543;11;Cavalo
30/07/2026;PTV;16:30;4º;0038;038;10;Coelho
30/07/2026;PTV;16:30;5º;1355;355;14;Gato
30/07/2026;PPT;09:30;1º;7311;311;03;Burro
30/07/2026;PPT;09:30;2º;1538;538;10;Coelho
30/07/2026;PPT;09:30;3º;9562;562;16;Leão
30/07/2026;PPT;09:30;4º;4260;260;15;Jacaré
30/07/2026;PPT;09:30;5º;3620;620;05;Cachorro
30/07/2026;PTM;11:30;1º;3303;303;01;Avestruz
30/07/2026;PTM;11:30;2º;4135;135;09;Cobra
30/07/2026;PTM;11:30;3º;1080;080;20;Peru
30/07/2026;PTM;11:30;4º;0588;588;22;Tigre
30/07/2026;PTM;11:30;5º;3518;518;05;Cachorro
30/07/2026;PT;14:30;1º;6376;376;19;Pavão
30/07/2026;PT;14:30;2º;3093;093;24;Veado
30/07/2026;PT;14:30;3º;5207;207;02;Águia
30/07/2026;PT;14:30;4º;0791;791;23;Urso
30/07/2026;PT;14:30;5º;7229;229;08;Camelo
30/07/2026;PTV;16:30;1º;9030;030;08;Camelo
30/07/2026;PTV;16:30;2º;2852;852;13;Galo
30/07/2026;PTV;16:30;3º;3543;543;11;Cavalo
30/07/2026;PTV;16:30;4º;0038;038;10;Coelho
30/07/2026;PTV;16:30;5º;1355;355;14;Gato
30/07/2026;PPT;09:30;1º;7311;311;03;Burro
30/07/2026;PPT;09:30;2º;1538;538;10;Coelho
30/07/2026;PPT;09:30;3º;9562;562;16;Leão
30/07/2026;PPT;09:30;4º;4260;260;15;Jacaré
30/07/2026;PPT;09:30;5º;3620;620;05;Cachorro
30/07/2026;PTM;11:30;1º;3303;303;01;Avestruz
30/07/2026;PTM;11:30;2º;4135;135;09;Cobra
30/07/2026;PTM;11:30;3º;1080;080;20;Peru
30/07/2026;PTM;11:30;4º;0588;588;22;Tigre
30/07/2026;PTM;11:30;5º;3518;518;05;Cachorro
30/07/2026;PT;14:30;1º;6376;376;19;Pavão
30/07/2026;PT;14:30;2º;3093;093;24;Veado
30/07/2026;PT;14:30;3º;5207;207;02;Águia
30/07/2026;PT;14:30;4º;0791;791;23;Urso
30/07/2026;PT;14:30;5º;7229;229;08;Camelo
30/07/2026;PTV;16:30;1º;9030;030;08;Camelo
30/07/2026;PTV;16:30;2º;2852;852;13;Galo
30/07/2026;PTV;16:30;3º;3543;543;11;Cavalo
30/07/2026;PTV;16:30;4º;0038;038;10;Coelho
30/07/2026;PTV;16:30;5º;1355;355;14;Gato
30/07/2026;Ptn;--:--;1º;7372;372;18;Porco
30/07/2026;Ptn;--:--;2º;2794;794;24;Veado
30/07/2026;Ptn;--:--;3º;3483;483;21;Touro
30/07/2026;Ptn;--:--;4º;1525;525;07;Carneiro
30/07/2026;Ptn;--:--;5º;7695;695;24;Veado
30/07/2026;PPT;09:30;1º;7311;311;03;Burro
30/07/2026;PPT;09:30;2º;1538;538;10;Coelho
30/07/2026;PPT;09:30;3º;9562;562;16;Leão
30/07/2026;PPT;09:30;4º;4260;260;15;Jacaré
30/07/2026;PPT;09:30;5º;3620;620;05;Cachorro
30/07/2026;PTM;11:30;1º;3303;303;01;Avestruz
30/07/2026;PTM;11:30;2º;4135;135;09;Cobra
30/07/2026;PTM;11:30;3º;1080;080;20;Peru
30/07/2026;PTM;11:30;4º;0588;588;22;Tigre
30/07/2026;PTM;11:30;5º;3518;518;05;Cachorro
30/07/2026;PT;14:30;1º;6376;376;19;Pavão
30/07/2026;PT;14:30;2º;3093;093;24;Veado
30/07/2026;PT;14:30;3º;5207;207;02;Águia
30/07/2026;PT;14:30;4º;0791;791;23;Urso
30/07/2026;PT;14:30;5º;7229;229;08;Camelo
30/07/2026;PTV;16:30;1º;9030;030;08;Camelo
30/07/2026;PTV;16:30;2º;2852;852;13;Galo
30/07/2026;PTV;16:30;3º;3543;543;11;Cavalo
30/07/2026;PTV;16:30;4º;0038;038;10;Coelho
30/07/2026;PTV;16:30;5º;1355;355;14;Gato
30/07/2026;Ptn;--:--;1º;7372;372;18;Porco
30/07/2026;Ptn;--:--;2º;2794;794;24;Veado
30/07/2026;Ptn;--:--;3º;3483;483;21;Touro
30/07/2026;Ptn;--:--;4º;1525;525;07;Carneiro
30/07/2026;Ptn;--:--;5º;7695;695;24;Veado
30/07/2026;PPT;09:30;1º;7311;311;03;Burro
30/07/2026;PPT;09:30;2º;1538;538;10;Coelho
30/07/2026;PPT;09:30;3º;9562;562;16;Leão
30/07/2026;PPT;09:30;4º;4260;260;15;Jacaré
30/07/2026;PPT;09:30;5º;3620;620;05;Cachorro
30/07/2026;PTM;11:30;1º;3303;303;01;Avestruz
30/07/2026;PTM;11:30;2º;4135;135;09;Cobra
30/07/2026;PTM;11:30;3º;1080;080;20;Peru
30/07/2026;PTM;11:30;4º;0588;588;22;Tigre
30/07/2026;PTM;11:30;5º;3518;518;05;Cachorro
30/07/2026;PT;14:30;1º;6376;376;19;Pavão
30/07/2026;PT;14:30;2º;3093;093;24;Veado
30/07/2026;PT;14:30;3º;5207;207;02;Águia
30/07/2026;PT;14:30;4º;0791;791;23;Urso
30/07/2026;PT;14:30;5º;7229;229;08;Camelo
30/07/2026;PTV;16:30;1º;9030;030;08;Camelo
30/07/2026;PTV;16:30;2º;2852;852;13;Galo
30/07/2026;PTV;16:30;3º;3543;543;11;Cavalo
30/07/2026;PTV;16:30;4º;0038;038;10;Coelho
30/07/2026;PTV;16:30;5º;1355;355;14;Gato
30/07/2026;Ptn;--:--;1º;7372;372;18;Porco
30/07/2026;Ptn;--:--;2º;2794;794;24;Veado
30/07/2026;Ptn;--:--;3º;3483;483;21;Touro
30/07/2026;Ptn;--:--;4º;1525;525;07;Carneiro
30/07/2026;Ptn;--:--;5º;7695;695;24;Veado
30/07/2026;CORUJA;21:30;1º;0149;149;13;Galo
30/07/2026;CORUJA;21:30;2º;5875;875;19;Pavão
30/07/2026;CORUJA;21:30;3º;6161;161;16;Leão
30/07/2026;CORUJA;21:30;4º;7573;573;19;Pavão
30/07/2026;CORUJA;21:30;5º;4573;573;19;Pavão
31/07/2026;PPT;09:30;1º;8493;493;24;Veado
31/07/2026;PPT;09:30;2º;6593;593;24;Veado
31/07/2026;PPT;09:30;3º;7680;680;20;Peru
31/07/2026;PPT;09:30;4º;7901;901;01;Avestruz
31/07/2026;PPT;09:30;5º;8365;365;17;Macaco
31/07/2026;PPT;09:30;1º;8493;493;24;Veado
31/07/2026;PPT;09:30;2º;6593;593;24;Veado
31/07/2026;PPT;09:30;3º;7680;680;20;Peru
31/07/2026;PPT;09:30;4º;7901;901;01;Avestruz
31/07/2026;PPT;09:30;5º;8365;365;17;Macaco
31/07/2026;PTM;11:30;1º;0621;621;06;Cabra
31/07/2026;PTM;11:30;2º;3401;401;01;Avestruz
31/07/2026;PTM;11:30;3º;8347;347;12;Elefante
31/07/2026;PTM;11:30;4º;5486;486;22;Tigre
31/07/2026;PTM;11:30;5º;0622;622;06;Cabra
31/07/2026;PPT;09:30;1º;8493;493;24;Veado
31/07/2026;PPT;09:30;2º;6593;593;24;Veado
31/07/2026;PPT;09:30;3º;7680;680;20;Peru
31/07/2026;PPT;09:30;4º;7901;901;01;Avestruz
31/07/2026;PPT;09:30;5º;8365;365;17;Macaco
31/07/2026;PTM;11:30;1º;0621;621;06;Cabra
31/07/2026;PTM;11:30;2º;3401;401;01;Avestruz
31/07/2026;PTM;11:30;3º;8347;347;12;Elefante
31/07/2026;PTM;11:30;4º;5486;486;22;Tigre
31/07/2026;PTM;11:30;5º;0622;622;06;Cabra
31/07/2026;PT;14:30;1º;5787;787;22;Tigre
31/07/2026;PT;14:30;2º;8611;611;03;Burro
31/07/2026;PT;14:30;3º;3846;846;12;Elefante
31/07/2026;PT;14:30;4º;4030;030;08;Camelo
31/07/2026;PT;14:30;5º;2518;518;05;Cachorro
31/07/2026;PPT;09:30;1º;8493;493;24;Veado
31/07/2026;PPT;09:30;2º;6593;593;24;Veado
31/07/2026;PPT;09:30;3º;7680;680;20;Peru
31/07/2026;PPT;09:30;4º;7901;901;01;Avestruz
31/07/2026;PPT;09:30;5º;8365;365;17;Macaco
31/07/2026;PTM;11:30;1º;0621;621;06;Cabra
31/07/2026;PTM;11:30;2º;3401;401;01;Avestruz
31/07/2026;PTM;11:30;3º;8347;347;12;Elefante
31/07/2026;PTM;11:30;4º;5486;486;22;Tigre
31/07/2026;PTM;11:30;5º;0622;622;06;Cabra
31/07/2026;PT;14:30;1º;5787;787;22;Tigre
31/07/2026;PT;14:30;2º;8611;611;03;Burro
31/07/2026;PT;14:30;3º;3846;846;12;Elefante
31/07/2026;PT;14:30;4º;4030;030;08;Camelo
31/07/2026;PT;14:30;5º;2518;518;05;Cachorro
31/07/2026;PTV;16:30;1º;6089;089;23;Urso
31/07/2026;PTV;16:30;2º;4930;930;08;Camelo
31/07/2026;PTV;16:30;3º;6106;106;02;Águia
31/07/2026;PTV;16:30;4º;3831;831;08;Camelo
31/07/2026;PTV;16:30;5º;5976;976;19;Pavão
31/07/2026;PPT;09:30;1º;8493;493;24;Veado
31/07/2026;PPT;09:30;2º;6593;593;24;Veado
31/07/2026;PPT;09:30;3º;7680;680;20;Peru
31/07/2026;PPT;09:30;4º;7901;901;01;Avestruz
31/07/2026;PPT;09:30;5º;8365;365;17;Macaco
31/07/2026;PTM;11:30;1º;0621;621;06;Cabra
31/07/2026;PTM;11:30;2º;3401;401;01;Avestruz
31/07/2026;PTM;11:30;3º;8347;347;12;Elefante
31/07/2026;PTM;11:30;4º;5486;486;22;Tigre
31/07/2026;PTM;11:30;5º;0622;622;06;Cabra
31/07/2026;PT;14:30;1º;5787;787;22;Tigre
31/07/2026;PT;14:30;2º;8611;611;03;Burro
31/07/2026;PT;14:30;3º;3846;846;12;Elefante
31/07/2026;PT;14:30;4º;4030;030;08;Camelo
31/07/2026;PT;14:30;5º;2518;518;05;Cachorro
31/07/2026;PTV;16:30;1º;6089;089;23;Urso
31/07/2026;PTV;16:30;2º;4930;930;08;Camelo
31/07/2026;PTV;16:30;3º;6106;106;02;Águia
31/07/2026;PTV;16:30;4º;3831;831;08;Camelo
31/07/2026;PTV;16:30;5º;5976;976;19;Pavão
31/07/2026;Ptn;--:--;1º;2854;854;14;Gato
31/07/2026;Ptn;--:--;2º;8066;066;17;Macaco
31/07/2026;Ptn;--:--;3º;1323;323;06;Cabra
31/07/2026;Ptn;--:--;4º;5457;457;15;Jacaré
31/07/2026;Ptn;--:--;5º;4068;068;17;Macaco
31/07/2026;PPT;09:30;1º;8493;493;24;Veado
31/07/2026;PPT;09:30;2º;6593;593;24;Veado
31/07/2026;PPT;09:30;3º;7680;680;20;Peru
31/07/2026;PPT;09:30;4º;7901;901;01;Avestruz
31/07/2026;PPT;09:30;5º;8365;365;17;Macaco
31/07/2026;PTM;11:30;1º;0621;621;06;Cabra
31/07/2026;PTM;11:30;2º;3401;401;01;Avestruz
31/07/2026;PTM;11:30;3º;8347;347;12;Elefante
31/07/2026;PTM;11:30;4º;5486;486;22;Tigre
31/07/2026;PTM;11:30;5º;0622;622;06;Cabra
31/07/2026;PT;14:30;1º;5787;787;22;Tigre
31/07/2026;PT;14:30;2º;8611;611;03;Burro
31/07/2026;PT;14:30;3º;3846;846;12;Elefante
31/07/2026;PT;14:30;4º;4030;030;08;Camelo
31/07/2026;PT;14:30;5º;2518;518;05;Cachorro
31/07/2026;PTV;16:30;1º;6089;089;23;Urso
31/07/2026;PTV;16:30;2º;4930;930;08;Camelo
31/07/2026;PTV;16:30;3º;6106;106;02;Águia
31/07/2026;PTV;16:30;4º;3831;831;08;Camelo
31/07/2026;PTV;16:30;5º;5976;976;19;Pavão
31/07/2026;Ptn;--:--;1º;2854;854;14;Gato
31/07/2026;Ptn;--:--;2º;8066;066;17;Macaco
31/07/2026;Ptn;--:--;3º;1323;323;06;Cabra
31/07/2026;Ptn;--:--;4º;5457;457;15;Jacaré
31/07/2026;Ptn;--:--;5º;4068;068;17;Macaco
31/07/2026;PPT;09:30;1º;8493;493;24;Veado
31/07/2026;PPT;09:30;2º;6593;593;24;Veado
31/07/2026;PPT;09:30;3º;7680;680;20;Peru
31/07/2026;PPT;09:30;4º;7901;901;01;Avestruz
31/07/2026;PPT;09:30;5º;8365;365;17;Macaco
31/07/2026;PTM;11:30;1º;0621;621;06;Cabra
31/07/2026;PTM;11:30;2º;3401;401;01;Avestruz
31/07/2026;PTM;11:30;3º;8347;347;12;Elefante
31/07/2026;PTM;11:30;4º;5486;486;22;Tigre
31/07/2026;PTM;11:30;5º;0622;622;06;Cabra
31/07/2026;PT;14:30;1º;5787;787;22;Tigre
31/07/2026;PT;14:30;2º;8611;611;03;Burro
31/07/2026;PT;14:30;3º;3846;846;12;Elefante
31/07/2026;PT;14:30;4º;4030;030;08;Camelo
31/07/2026;PT;14:30;5º;2518;518;05;Cachorro
31/07/2026;PTV;16:30;1º;6089;089;23;Urso
31/07/2026;PTV;16:30;2º;4930;930;08;Camelo
31/07/2026;PTV;16:30;3º;6106;106;02;Águia
31/07/2026;PTV;16:30;4º;3831;831;08;Camelo
31/07/2026;PTV;16:30;5º;5976;976;19;Pavão
31/07/2026;Ptn;--:--;1º;2854;854;14;Gato
31/07/2026;Ptn;--:--;2º;8066;066;17;Macaco
31/07/2026;Ptn;--:--;3º;1323;323;06;Cabra
31/07/2026;Ptn;--:--;4º;5457;457;15;Jacaré
31/07/2026;Ptn;--:--;5º;4068;068;17;Macaco
01/08/2026;PPT;09:30;1º;7263;263;16;Leão
01/08/2026;PPT;09:30;2º;6578;578;20;Peru
01/08/2026;PPT;09:30;3º;8832;832;08;Camelo
01/08/2026;PPT;09:30;4º;7119;119;05;Cachorro
01/08/2026;PPT;09:30;5º;6566;566;17;Macaco
01/08/2026;PPT;09:30;1º;7263;263;16;Leão
01/08/2026;PPT;09:30;2º;6578;578;20;Peru
01/08/2026;PPT;09:30;3º;8832;832;08;Camelo
01/08/2026;PPT;09:30;4º;7119;119;05;Cachorro
01/08/2026;PPT;09:30;5º;6566;566;17;Macaco
01/08/2026;PTM;11:30;1º;4174;174;19;Pavão
01/08/2026;PTM;11:30;2º;3490;490;23;Urso
01/08/2026;PTM;11:30;3º;1254;254;14;Gato
01/08/2026;PTM;11:30;4º;7392;392;23;Urso
01/08/2026;PTM;11:30;5º;4746;746;12;Elefante
01/08/2026;PPT;09:30;1º;7263;263;16;Leão
01/08/2026;PPT;09:30;2º;6578;578;20;Peru
01/08/2026;PPT;09:30;3º;8832;832;08;Camelo
01/08/2026;PPT;09:30;4º;7119;119;05;Cachorro
01/08/2026;PPT;09:30;5º;6566;566;17;Macaco
01/08/2026;PTM;11:30;1º;4174;174;19;Pavão
01/08/2026;PTM;11:30;2º;3490;490;23;Urso
01/08/2026;PTM;11:30;3º;1254;254;14;Gato
01/08/2026;PTM;11:30;4º;7392;392;23;Urso
01/08/2026;PTM;11:30;5º;4746;746;12;Elefante
01/08/2026;PPT;09:30;1º;7263;263;16;Leão
01/08/2026;PPT;09:30;2º;6578;578;20;Peru
01/08/2026;PPT;09:30;3º;8832;832;08;Camelo
01/08/2026;PPT;09:30;4º;7119;119;05;Cachorro
01/08/2026;PPT;09:30;5º;6566;566;17;Macaco
01/08/2026;PTM;11:30;1º;4174;174;19;Pavão
01/08/2026;PTM;11:30;2º;3490;490;23;Urso
01/08/2026;PTM;11:30;3º;1254;254;14;Gato
01/08/2026;PTM;11:30;4º;7392;392;23;Urso
01/08/2026;PTM;11:30;5º;4746;746;12;Elefante
01/08/2026;PT;14:30;1º;7959;959;15;Jacaré
01/08/2026;PT;14:30;2º;4589;589;23;Urso
01/08/2026;PT;14:30;3º;2279;279;20;Peru
01/08/2026;PT;14:30;4º;6326;326;07;Carneiro
01/08/2026;PT;14:30;5º;4714;714;04;Borboleta
01/08/2026;PPT;09:30;1º;7263;263;16;Leão
01/08/2026;PPT;09:30;2º;6578;578;20;Peru
01/08/2026;PPT;09:30;3º;8832;832;08;Camelo
01/08/2026;PPT;09:30;4º;7119;119;05;Cachorro
01/08/2026;PPT;09:30;5º;6566;566;17;Macaco
01/08/2026;PTM;11:30;1º;4174;174;19;Pavão
01/08/2026;PTM;11:30;2º;3490;490;23;Urso
01/08/2026;PTM;11:30;3º;1254;254;14;Gato
01/08/2026;PTM;11:30;4º;7392;392;23;Urso
01/08/2026;PTM;11:30;5º;4746;746;12;Elefante
01/08/2026;PT;14:30;1º;7959;959;15;Jacaré
01/08/2026;PT;14:30;2º;4589;589;23;Urso
01/08/2026;PT;14:30;3º;2279;279;20;Peru
01/08/2026;PT;14:30;4º;6326;326;07;Carneiro
01/08/2026;PT;14:30;5º;4714;714;04;Borboleta
01/08/2026;PTV;16:30;1º;2677;677;20;Peru
01/08/2026;PTV;16:30;2º;1040;040;10;Coelho
01/08/2026;PTV;16:30;3º;0298;298;25;Vaca
01/08/2026;PTV;16:30;4º;1191;191;23;Urso
01/08/2026;PTV;16:30;5º;5841;841;11;Cavalo
01/08/2026;PPT;09:30;1º;7263;263;16;Leão
01/08/2026;PPT;09:30;2º;6578;578;20;Peru
01/08/2026;PPT;09:30;3º;8832;832;08;Camelo
01/08/2026;PPT;09:30;4º;7119;119;05;Cachorro
01/08/2026;PPT;09:30;5º;6566;566;17;Macaco
01/08/2026;PTM;11:30;1º;4174;174;19;Pavão
01/08/2026;PTM;11:30;2º;3490;490;23;Urso
01/08/2026;PTM;11:30;3º;1254;254;14;Gato
01/08/2026;PTM;11:30;4º;7392;392;23;Urso
01/08/2026;PTM;11:30;5º;4746;746;12;Elefante
01/08/2026;PT;14:30;1º;7959;959;15;Jacaré
01/08/2026;PT;14:30;2º;4589;589;23;Urso
01/08/2026;PT;14:30;3º;2279;279;20;Peru
01/08/2026;PT;14:30;4º;6326;326;07;Carneiro
01/08/2026;PT;14:30;5º;4714;714;04;Borboleta
01/08/2026;PTV;16:30;1º;2677;677;20;Peru
01/08/2026;PTV;16:30;2º;1040;040;10;Coelho
01/08/2026;PTV;16:30;3º;0298;298;25;Vaca
01/08/2026;PTV;16:30;4º;1191;191;23;Urso
01/08/2026;PTV;16:30;5º;5841;841;11;Cavalo
01/08/2026;PPT;09:30;1º;7263;263;16;Leão
01/08/2026;PPT;09:30;2º;6578;578;20;Peru
01/08/2026;PPT;09:30;3º;8832;832;08;Camelo
01/08/2026;PPT;09:30;4º;7119;119;05;Cachorro
01/08/2026;PPT;09:30;5º;6566;566;17;Macaco
01/08/2026;PTM;11:30;1º;4174;174;19;Pavão
01/08/2026;PTM;11:30;2º;3490;490;23;Urso
01/08/2026;PTM;11:30;3º;1254;254;14;Gato
01/08/2026;PTM;11:30;4º;7392;392;23;Urso
01/08/2026;PTM;11:30;5º;4746;746;12;Elefante
01/08/2026;PT;14:30;1º;7959;959;15;Jacaré
01/08/2026;PT;14:30;2º;4589;589;23;Urso
01/08/2026;PT;14:30;3º;2279;279;20;Peru
01/08/2026;PT;14:30;4º;6326;326;07;Carneiro
01/08/2026;PT;14:30;5º;4714;714;04;Borboleta
01/08/2026;PTV;16:30;1º;2677;677;20;Peru
01/08/2026;PTV;16:30;2º;1040;040;10;Coelho
01/08/2026;PTV;16:30;3º;0298;298;25;Vaca
01/08/2026;PTV;16:30;4º;1191;191;23;Urso
01/08/2026;PTV;16:30;5º;5841;841;11;Cavalo
01/08/2026;PPT;09:30;1º;7263;263;16;Leão
01/08/2026;PPT;09:30;2º;6578;578;20;Peru
01/08/2026;PPT;09:30;3º;8832;832;08;Camelo
01/08/2026;PPT;09:30;4º;7119;119;05;Cachorro
01/08/2026;PPT;09:30;5º;6566;566;17;Macaco
01/08/2026;PTM;11:30;1º;4174;174;19;Pavão
01/08/2026;PTM;11:30;2º;3490;490;23;Urso
01/08/2026;PTM;11:30;3º;1254;254;14;Gato
01/08/2026;PTM;11:30;4º;7392;392;23;Urso
01/08/2026;PTM;11:30;5º;4746;746;12;Elefante
01/08/2026;PT;14:30;1º;7959;959;15;Jacaré
01/08/2026;PT;14:30;2º;4589;589;23;Urso
01/08/2026;PT;14:30;3º;2279;279;20;Peru
01/08/2026;PT;14:30;4º;6326;326;07;Carneiro
01/08/2026;PT;14:30;5º;4714;714;04;Borboleta
01/08/2026;PTV;16:30;1º;2677;677;20;Peru
01/08/2026;PTV;16:30;2º;1040;040;10;Coelho
01/08/2026;PTV;16:30;3º;0298;298;25;Vaca
01/08/2026;PTV;16:30;4º;1191;191;23;Urso
01/08/2026;PTV;16:30;5º;5841;841;11;Cavalo
01/08/2026;Ptn;--:--;1º;8425;425;07;Carneiro
01/08/2026;Ptn;--:--;2º;8859;859;15;Jacaré
01/08/2026;Ptn;--:--;3º;8199;199;25;Vaca
01/08/2026;Ptn;--:--;4º;6472;472;18;Porco
01/08/2026;Ptn;--:--;5º;5088;088;22;Tigre
01/08/2026;PPT;09:30;1º;7263;263;16;Leão
01/08/2026;PPT;09:30;2º;6578;578;20;Peru
01/08/2026;PPT;09:30;3º;8832;832;08;Camelo
01/08/2026;PPT;09:30;4º;7119;119;05;Cachorro
01/08/2026;PPT;09:30;5º;6566;566;17;Macaco
01/08/2026;PTM;11:30;1º;4174;174;19;Pavão
01/08/2026;PTM;11:30;2º;3490;490;23;Urso
01/08/2026;PTM;11:30;3º;1254;254;14;Gato
01/08/2026;PTM;11:30;4º;7392;392;23;Urso
01/08/2026;PTM;11:30;5º;4746;746;12;Elefante
01/08/2026;PT;14:30;1º;7959;959;15;Jacaré
01/08/2026;PT;14:30;2º;4589;589;23;Urso
01/08/2026;PT;14:30;3º;2279;279;20;Peru
01/08/2026;PT;14:30;4º;6326;326;07;Carneiro
01/08/2026;PT;14:30;5º;4714;714;04;Borboleta
01/08/2026;PTV;16:30;1º;2677;677;20;Peru
01/08/2026;PTV;16:30;2º;1040;040;10;Coelho
01/08/2026;PTV;16:30;3º;0298;298;25;Vaca
01/08/2026;PTV;16:30;4º;1191;191;23;Urso
01/08/2026;PTV;16:30;5º;5841;841;11;Cavalo
01/08/2026;Ptn;--:--;1º;8425;425;07;Carneiro
01/08/2026;Ptn;--:--;2º;8859;859;15;Jacaré
01/08/2026;Ptn;--:--;3º;8199;199;25;Vaca
01/08/2026;Ptn;--:--;4º;6472;472;18;Porco
01/08/2026;Ptn;--:--;5º;5088;088;22;Tigre
01/08/2026;PPT;09:30;1º;7263;263;16;Leão
01/08/2026;PPT;09:30;2º;6578;578;20;Peru
01/08/2026;PPT;09:30;3º;8832;832;08;Camelo
01/08/2026;PPT;09:30;4º;7119;119;05;Cachorro
01/08/2026;PPT;09:30;5º;6566;566;17;Macaco
01/08/2026;PTM;11:30;1º;4174;174;19;Pavão
01/08/2026;PTM;11:30;2º;3490;490;23;Urso
01/08/2026;PTM;11:30;3º;1254;254;14;Gato
01/08/2026;PTM;11:30;4º;7392;392;23;Urso
01/08/2026;PTM;11:30;5º;4746;746;12;Elefante
01/08/2026;PT;14:30;1º;7959;959;15;Jacaré
01/08/2026;PT;14:30;2º;4589;589;23;Urso
01/08/2026;PT;14:30;3º;2279;279;20;Peru
01/08/2026;PT;14:30;4º;6326;326;07;Carneiro
01/08/2026;PT;14:30;5º;4714;714;04;Borboleta
01/08/2026;PTV;16:30;1º;2677;677;20;Peru
01/08/2026;PTV;16:30;2º;1040;040;10;Coelho
01/08/2026;PTV;16:30;3º;0298;298;25;Vaca
01/08/2026;PTV;16:30;4º;1191;191;23;Urso
01/08/2026;PTV;16:30;5º;5841;841;11;Cavalo
01/08/2026;Ptn;--:--;1º;8425;425;07;Carneiro
01/08/2026;Ptn;--:--;2º;8859;859;15;Jacaré
01/08/2026;Ptn;--:--;3º;8199;199;25;Vaca
01/08/2026;Ptn;--:--;4º;6472;472;18;Porco
01/08/2026;Ptn;--:--;5º;5088;088;22;Tigre
01/08/2026;CORUJA;21:30;1º;4473;473;19;Pavão
01/08/2026;CORUJA;21:30;2º;9196;196;24;Veado
01/08/2026;CORUJA;21:30;3º;2529;529;08;Camelo
01/08/2026;CORUJA;21:30;4º;9430;430;08;Camelo
01/08/2026;CORUJA;21:30;5º;2343;343;11;Cavalo
02/08/2026;Federal;--:--;1º;3770;770;18;Porco
02/08/2026;Federal;--:--;2º;4465;465;17;Macaco
02/08/2026;Federal;--:--;3º;3867;867;17;Macaco
02/08/2026;Federal;--:--;4º;3192;192;23;Urso
02/08/2026;Federal;--:--;5º;6301;301;01;Avestruz
02/08/2026;Federal;--:--;1º;3770;770;18;Porco
02/08/2026;Federal;--:--;2º;4465;465;17;Macaco
02/08/2026;Federal;--:--;3º;3867;867;17;Macaco
02/08/2026;Federal;--:--;4º;3192;192;23;Urso
02/08/2026;Federal;--:--;5º;6301;301;01;Avestruz
02/08/2026;Federal;--:--;1º;3770;770;18;Porco
02/08/2026;Federal;--:--;2º;4465;465;17;Macaco
02/08/2026;Federal;--:--;3º;3867;867;17;Macaco
02/08/2026;Federal;--:--;4º;3192;192;23;Urso
02/08/2026;Federal;--:--;5º;6301;301;01;Avestruz
02/08/2026;PT;14:30;1º;3690;690;23;Urso
02/08/2026;PT;14:30;2º;0421;421;06;Cabra
02/08/2026;PT;14:30;3º;2969;969;18;Porco
02/08/2026;PT;14:30;4º;9696;696;24;Veado
02/08/2026;PT;14:30;5º;2391;391;23;Urso
02/08/2026;Federal;--:--;1º;3770;770;18;Porco
02/08/2026;Federal;--:--;2º;4465;465;17;Macaco
02/08/2026;Federal;--:--;3º;3867;867;17;Macaco
02/08/2026;Federal;--:--;4º;3192;192;23;Urso
02/08/2026;Federal;--:--;5º;6301;301;01;Avestruz
02/08/2026;PT;14:30;1º;3690;690;23;Urso
02/08/2026;PT;14:30;2º;0421;421;06;Cabra
02/08/2026;PT;14:30;3º;2969;969;18;Porco
02/08/2026;PT;14:30;4º;9696;696;24;Veado
02/08/2026;PT;14:30;5º;2391;391;23;Urso
02/08/2026;PTV;16:30;1º;9681;681;21;Touro
02/08/2026;PTV;16:30;2º;6318;318;05;Cachorro
02/08/2026;PTV;16:30;3º;5603;603;01;Avestruz
02/08/2026;PTV;16:30;4º;4913;913;04;Borboleta
02/08/2026;PTV;16:30;5º;6870;870;18;Porco
02/08/2026;Federal;--:--;1º;3770;770;18;Porco
02/08/2026;Federal;--:--;2º;4465;465;17;Macaco
02/08/2026;Federal;--:--;3º;3867;867;17;Macaco
02/08/2026;Federal;--:--;4º;3192;192;23;Urso
02/08/2026;Federal;--:--;5º;6301;301;01;Avestruz
02/08/2026;PT;14:30;1º;3690;690;23;Urso
02/08/2026;PT;14:30;2º;0421;421;06;Cabra
02/08/2026;PT;14:30;3º;2969;969;18;Porco
02/08/2026;PT;14:30;4º;9696;696;24;Veado
02/08/2026;PT;14:30;5º;2391;391;23;Urso
02/08/2026;PTV;16:30;1º;9681;681;21;Touro
02/08/2026;PTV;16:30;2º;6318;318;05;Cachorro
02/08/2026;PTV;16:30;3º;5603;603;01;Avestruz
02/08/2026;PTV;16:30;4º;4913;913;04;Borboleta
02/08/2026;PTV;16:30;5º;6870;870;18;Porco
02/08/2026;Federal;--:--;1º;3770;770;18;Porco
02/08/2026;Federal;--:--;2º;4465;465;17;Macaco
02/08/2026;Federal;--:--;3º;3867;867;17;Macaco
02/08/2026;Federal;--:--;4º;3192;192;23;Urso
02/08/2026;Federal;--:--;5º;6301;301;01;Avestruz
02/08/2026;PT;14:30;1º;3690;690;23;Urso
02/08/2026;PT;14:30;2º;0421;421;06;Cabra
02/08/2026;PT;14:30;3º;2969;969;18;Porco
02/08/2026;PT;14:30;4º;9696;696;24;Veado
02/08/2026;PT;14:30;5º;2391;391;23;Urso
02/08/2026;PTV;16:30;1º;9681;681;21;Touro
02/08/2026;PTV;16:30;2º;6318;318;05;Cachorro
02/08/2026;PTV;16:30;3º;5603;603;01;Avestruz
02/08/2026;PTV;16:30;4º;4913;913;04;Borboleta
02/08/2026;PTV;16:30;5º;6870;870;18;Porco
02/08/2026;Federal;--:--;1º;3770;770;18;Porco
02/08/2026;Federal;--:--;2º;4465;465;17;Macaco
02/08/2026;Federal;--:--;3º;3867;867;17;Macaco
02/08/2026;Federal;--:--;4º;3192;192;23;Urso
02/08/2026;Federal;--:--;5º;6301;301;01;Avestruz
02/08/2026;PT;14:30;1º;3690;690;23;Urso
02/08/2026;PT;14:30;2º;0421;421;06;Cabra
02/08/2026;PT;14:30;3º;2969;969;18;Porco
02/08/2026;PT;14:30;4º;9696;696;24;Veado
02/08/2026;PT;14:30;5º;2391;391;23;Urso
02/08/2026;PTV;16:30;1º;9681;681;21;Touro
02/08/2026;PTV;16:30;2º;6318;318;05;Cachorro
02/08/2026;PTV;16:30;3º;5603;603;01;Avestruz
02/08/2026;PTV;16:30;4º;4913;913;04;Borboleta
02/08/2026;PTV;16:30;5º;6870;870;18;Porco
02/08/2026;Federal;--:--;1º;3770;770;18;Porco
02/08/2026;Federal;--:--;2º;4465;465;17;Macaco
02/08/2026;Federal;--:--;3º;3867;867;17;Macaco
02/08/2026;Federal;--:--;4º;3192;192;23;Urso
02/08/2026;Federal;--:--;5º;6301;301;01;Avestruz
02/08/2026;PT;14:30;1º;3690;690;23;Urso
02/08/2026;PT;14:30;2º;0421;421;06;Cabra
02/08/2026;PT;14:30;3º;2969;969;18;Porco
02/08/2026;PT;14:30;4º;9696;696;24;Veado
02/08/2026;PT;14:30;5º;2391;391;23;Urso
02/08/2026;PTV;16:30;1º;9681;681;21;Touro
02/08/2026;PTV;16:30;2º;6318;318;05;Cachorro
02/08/2026;PTV;16:30;3º;5603;603;01;Avestruz
02/08/2026;PTV;16:30;4º;4913;913;04;Borboleta
02/08/2026;PTV;16:30;5º;6870;870;18;Porco
03/08/2026;PPT;09:30;1º;6463;463;16;Leão
03/08/2026;PPT;09:30;2º;4359;359;15;Jacaré
03/08/2026;PPT;09:30;3º;7312;312;03;Burro
03/08/2026;PPT;09:30;4º;8842;842;11;Cavalo
03/08/2026;PPT;09:30;5º;4685;685;22;Tigre
03/08/2026;PPT;09:30;1º;6463;463;16;Leão
03/08/2026;PPT;09:30;2º;4359;359;15;Jacaré
03/08/2026;PPT;09:30;3º;7312;312;03;Burro
03/08/2026;PPT;09:30;4º;8842;842;11;Cavalo
03/08/2026;PPT;09:30;5º;4685;685;22;Tigre
03/08/2026;PTM;11:30;1º;8637;637;10;Coelho
03/08/2026;PTM;11:30;2º;4114;114;04;Borboleta
03/08/2026;PTM;11:30;3º;9919;919;05;Cachorro
03/08/2026;PTM;11:30;4º;1244;244;11;Cavalo
03/08/2026;PTM;11:30;5º;5223;223;06;Cabra
03/08/2026;PPT;09:30;1º;6463;463;16;Leão
03/08/2026;PPT;09:30;2º;4359;359;15;Jacaré
03/08/2026;PPT;09:30;3º;7312;312;03;Burro
03/08/2026;PPT;09:30;4º;8842;842;11;Cavalo
03/08/2026;PPT;09:30;5º;4685;685;22;Tigre
03/08/2026;PTM;11:30;1º;8637;637;10;Coelho
03/08/2026;PTM;11:30;2º;4114;114;04;Borboleta
03/08/2026;PTM;11:30;3º;9919;919;05;Cachorro
03/08/2026;PTM;11:30;4º;1244;244;11;Cavalo
03/08/2026;PTM;11:30;5º;5223;223;06;Cabra
03/08/2026;PT;14:30;1º;6382;382;21;Touro
03/08/2026;PT;14:30;2º;1426;426;07;Carneiro
03/08/2026;PT;14:30;3º;9856;856;14;Gato
03/08/2026;PT;14:30;4º;5861;861;16;Leão
03/08/2026;PT;14:30;5º;1079;079;20;Peru
03/08/2026;PPT;09:30;1º;6463;463;16;Leão
03/08/2026;PPT;09:30;2º;4359;359;15;Jacaré
03/08/2026;PPT;09:30;3º;7312;312;03;Burro
03/08/2026;PPT;09:30;4º;8842;842;11;Cavalo
03/08/2026;PPT;09:30;5º;4685;685;22;Tigre
03/08/2026;PTM;11:30;1º;8637;637;10;Coelho
03/08/2026;PTM;11:30;2º;4114;114;04;Borboleta
03/08/2026;PTM;11:30;3º;9919;919;05;Cachorro
03/08/2026;PTM;11:30;4º;1244;244;11;Cavalo
03/08/2026;PTM;11:30;5º;5223;223;06;Cabra
03/08/2026;PT;14:30;1º;6382;382;21;Touro
03/08/2026;PT;14:30;2º;1426;426;07;Carneiro
03/08/2026;PT;14:30;3º;9856;856;14;Gato
03/08/2026;PT;14:30;4º;5861;861;16;Leão
03/08/2026;PT;14:30;5º;1079;079;20;Peru
03/08/2026;PTV;16:30;1º;7164;164;16;Leão
03/08/2026;PTV;16:30;2º;8987;987;22;Tigre
03/08/2026;PTV;16:30;3º;4581;581;21;Touro
03/08/2026;PTV;16:30;4º;2428;428;07;Carneiro
03/08/2026;PTV;16:30;5º;2480;480;20;Peru
03/08/2026;PPT;09:30;1º;6463;463;16;Leão
03/08/2026;PPT;09:30;2º;4359;359;15;Jacaré
03/08/2026;PPT;09:30;3º;7312;312;03;Burro
03/08/2026;PPT;09:30;4º;8842;842;11;Cavalo
03/08/2026;PPT;09:30;5º;4685;685;22;Tigre
03/08/2026;PTM;11:30;1º;8637;637;10;Coelho
03/08/2026;PTM;11:30;2º;4114;114;04;Borboleta
03/08/2026;PTM;11:30;3º;9919;919;05;Cachorro
03/08/2026;PTM;11:30;4º;1244;244;11;Cavalo
03/08/2026;PTM;11:30;5º;5223;223;06;Cabra
03/08/2026;PT;14:30;1º;6382;382;21;Touro
03/08/2026;PT;14:30;2º;1426;426;07;Carneiro
03/08/2026;PT;14:30;3º;9856;856;14;Gato
03/08/2026;PT;14:30;4º;5861;861;16;Leão
03/08/2026;PT;14:30;5º;1079;079;20;Peru
03/08/2026;PTV;16:30;1º;7164;164;16;Leão
03/08/2026;PTV;16:30;2º;8987;987;22;Tigre
03/08/2026;PTV;16:30;3º;4581;581;21;Touro
03/08/2026;PTV;16:30;4º;2428;428;07;Carneiro
03/08/2026;PTV;16:30;5º;2480;480;20;Peru
03/08/2026;Ptn;--:--;1º;2338;338;10;Coelho
03/08/2026;Ptn;--:--;2º;9344;344;11;Cavalo
03/08/2026;Ptn;--:--;3º;8356;356;14;Gato
03/08/2026;Ptn;--:--;4º;2908;908;02;Águia
03/08/2026;Ptn;--:--;5º;6106;106;02;Águia
03/08/2026;PPT;09:30;1º;6463;463;16;Leão
03/08/2026;PPT;09:30;2º;4359;359;15;Jacaré
03/08/2026;PPT;09:30;3º;7312;312;03;Burro
03/08/2026;PPT;09:30;4º;8842;842;11;Cavalo
03/08/2026;PPT;09:30;5º;4685;685;22;Tigre
03/08/2026;PTM;11:30;1º;8637;637;10;Coelho
03/08/2026;PTM;11:30;2º;4114;114;04;Borboleta
03/08/2026;PTM;11:30;3º;9919;919;05;Cachorro
03/08/2026;PTM;11:30;4º;1244;244;11;Cavalo
03/08/2026;PTM;11:30;5º;5223;223;06;Cabra
03/08/2026;PT;14:30;1º;6382;382;21;Touro
03/08/2026;PT;14:30;2º;1426;426;07;Carneiro
03/08/2026;PT;14:30;3º;9856;856;14;Gato
03/08/2026;PT;14:30;4º;5861;861;16;Leão
03/08/2026;PT;14:30;5º;1079;079;20;Peru
03/08/2026;PTV;16:30;1º;7164;164;16;Leão
03/08/2026;PTV;16:30;2º;8987;987;22;Tigre
03/08/2026;PTV;16:30;3º;4581;581;21;Touro
03/08/2026;PTV;16:30;4º;2428;428;07;Carneiro
03/08/2026;PTV;16:30;5º;2480;480;20;Peru
03/08/2026;Ptn;--:--;1º;2338;338;10;Coelho
03/08/2026;Ptn;--:--;2º;9344;344;11;Cavalo
03/08/2026;Ptn;--:--;3º;8356;356;14;Gato
03/08/2026;Ptn;--:--;4º;2908;908;02;Águia
03/08/2026;Ptn;--:--;5º;6106;106;02;Águia
03/08/2026;PPT;09:30;1º;6463;463;16;Leão
03/08/2026;PPT;09:30;2º;4359;359;15;Jacaré
03/08/2026;PPT;09:30;3º;7312;312;03;Burro
03/08/2026;PPT;09:30;4º;8842;842;11;Cavalo
03/08/2026;PPT;09:30;5º;4685;685;22;Tigre
03/08/2026;PTM;11:30;1º;8637;637;10;Coelho
03/08/2026;PTM;11:30;2º;4114;114;04;Borboleta
03/08/2026;PTM;11:30;3º;9919;919;05;Cachorro
03/08/2026;PTM;11:30;4º;1244;244;11;Cavalo
03/08/2026;PTM;11:30;5º;5223;223;06;Cabra
03/08/2026;PT;14:30;1º;6382;382;21;Touro
03/08/2026;PT;14:30;2º;1426;426;07;Carneiro
03/08/2026;PT;14:30;3º;9856;856;14;Gato
03/08/2026;PT;14:30;4º;5861;861;16;Leão
03/08/2026;PT;14:30;5º;1079;079;20;Peru
03/08/2026;PTV;16:30;1º;7164;164;16;Leão
03/08/2026;PTV;16:30;2º;8987;987;22;Tigre
03/08/2026;PTV;16:30;3º;4581;581;21;Touro
03/08/2026;PTV;16:30;4º;2428;428;07;Carneiro
03/08/2026;PTV;16:30;5º;2480;480;20;Peru
03/08/2026;Ptn;--:--;1º;2338;338;10;Coelho
03/08/2026;Ptn;--:--;2º;9344;344;11;Cavalo
03/08/2026;Ptn;--:--;3º;8356;356;14;Gato
03/08/2026;Ptn;--:--;4º;2908;908;02;Águia
03/08/2026;Ptn;--:--;5º;6106;106;02;Águia
04/08/2026;PPT;09:30;1º;0077;077;20;Peru
04/08/2026;PPT;09:30;2º;4502;502;01;Avestruz
04/08/2026;PPT;09:30;3º;3224;224;06;Cabra
04/08/2026;PPT;09:30;4º;0448;448;12;Elefante
04/08/2026;PPT;09:30;5º;1982;982;21;Touro
04/08/2026;PPT;09:30;1º;0077;077;20;Peru
04/08/2026;PPT;09:30;2º;4502;502;01;Avestruz
04/08/2026;PPT;09:30;3º;3224;224;06;Cabra
04/08/2026;PPT;09:30;4º;0448;448;12;Elefante
04/08/2026;PPT;09:30;5º;1982;982;21;Touro
04/08/2026;PTM;11:30;1º;5904;904;01;Avestruz
04/08/2026;PTM;11:30;2º;0513;513;04;Borboleta
04/08/2026;PTM;11:30;3º;6872;872;18;Porco
04/08/2026;PTM;11:30;4º;6228;228;07;Carneiro
04/08/2026;PTM;11:30;5º;8573;573;19;Pavão
04/08/2026;PPT;09:30;1º;0077;077;20;Peru
04/08/2026;PPT;09:30;2º;4502;502;01;Avestruz
04/08/2026;PPT;09:30;3º;3224;224;06;Cabra
04/08/2026;PPT;09:30;4º;0448;448;12;Elefante
04/08/2026;PPT;09:30;5º;1982;982;21;Touro
04/08/2026;PTM;11:30;1º;5904;904;01;Avestruz
04/08/2026;PTM;11:30;2º;0513;513;04;Borboleta
04/08/2026;PTM;11:30;3º;6872;872;18;Porco
04/08/2026;PTM;11:30;4º;6228;228;07;Carneiro
04/08/2026;PTM;11:30;5º;8573;573;19;Pavão
04/08/2026;PT;14:30;1º;9643;643;11;Cavalo
04/08/2026;PT;14:30;2º;8475;475;19;Pavão
04/08/2026;PT;14:30;3º;9718;718;05;Cachorro
04/08/2026;PT;14:30;4º;2385;385;22;Tigre
04/08/2026;PT;14:30;5º;1453;453;14;Gato
04/08/2026;PPT;09:30;1º;0077;077;20;Peru
04/08/2026;PPT;09:30;2º;4502;502;01;Avestruz
04/08/2026;PPT;09:30;3º;3224;224;06;Cabra
04/08/2026;PPT;09:30;4º;0448;448;12;Elefante
04/08/2026;PPT;09:30;5º;1982;982;21;Touro
04/08/2026;PTM;11:30;1º;5904;904;01;Avestruz
04/08/2026;PTM;11:30;2º;0513;513;04;Borboleta
04/08/2026;PTM;11:30;3º;6872;872;18;Porco
04/08/2026;PTM;11:30;4º;6228;228;07;Carneiro
04/08/2026;PTM;11:30;5º;8573;573;19;Pavão
04/08/2026;PT;14:30;1º;9643;643;11;Cavalo
04/08/2026;PT;14:30;2º;8475;475;19;Pavão
04/08/2026;PT;14:30;3º;9718;718;05;Cachorro
04/08/2026;PT;14:30;4º;2385;385;22;Tigre
04/08/2026;PT;14:30;5º;1453;453;14;Gato
04/08/2026;PTV;16:30;1º;5286;286;22;Tigre
04/08/2026;PTV;16:30;2º;9266;266;17;Macaco
04/08/2026;PTV;16:30;3º;2461;461;16;Leão
04/08/2026;PTV;16:30;4º;3028;028;07;Carneiro
04/08/2026;PTV;16:30;5º;7357;357;15;Jacaré
04/08/2026;PPT;09:30;1º;0077;077;20;Peru
04/08/2026;PPT;09:30;2º;4502;502;01;Avestruz
04/08/2026;PPT;09:30;3º;3224;224;06;Cabra
04/08/2026;PPT;09:30;4º;0448;448;12;Elefante
04/08/2026;PPT;09:30;5º;1982;982;21;Touro
04/08/2026;PTM;11:30;1º;5904;904;01;Avestruz
04/08/2026;PTM;11:30;2º;0513;513;04;Borboleta
04/08/2026;PTM;11:30;3º;6872;872;18;Porco
04/08/2026;PTM;11:30;4º;6228;228;07;Carneiro
04/08/2026;PTM;11:30;5º;8573;573;19;Pavão
04/08/2026;PT;14:30;1º;9643;643;11;Cavalo
04/08/2026;PT;14:30;2º;8475;475;19;Pavão
04/08/2026;PT;14:30;3º;9718;718;05;Cachorro
04/08/2026;PT;14:30;4º;2385;385;22;Tigre
04/08/2026;PT;14:30;5º;1453;453;14;Gato
04/08/2026;PTV;16:30;1º;5286;286;22;Tigre
04/08/2026;PTV;16:30;2º;9266;266;17;Macaco
04/08/2026;PTV;16:30;3º;2461;461;16;Leão
04/08/2026;PTV;16:30;4º;3028;028;07;Carneiro
04/08/2026;PTV;16:30;5º;7357;357;15;Jacaré
04/08/2026;Ptn;--:--;1º;9435;435;09;Cobra
04/08/2026;Ptn;--:--;2º;2306;306;02;Águia
04/08/2026;Ptn;--:--;3º;0714;714;04;Borboleta
04/08/2026;Ptn;--:--;4º;7703;703;01;Avestruz
04/08/2026;Ptn;--:--;5º;7217;217;05;Cachorro
04/08/2026;PPT;09:30;1º;0077;077;20;Peru
04/08/2026;PPT;09:30;2º;4502;502;01;Avestruz
04/08/2026;PPT;09:30;3º;3224;224;06;Cabra
04/08/2026;PPT;09:30;4º;0448;448;12;Elefante
04/08/2026;PPT;09:30;5º;1982;982;21;Touro
04/08/2026;PTM;11:30;1º;5904;904;01;Avestruz
04/08/2026;PTM;11:30;2º;0513;513;04;Borboleta
04/08/2026;PTM;11:30;3º;6872;872;18;Porco
04/08/2026;PTM;11:30;4º;6228;228;07;Carneiro
04/08/2026;PTM;11:30;5º;8573;573;19;Pavão
04/08/2026;PT;14:30;1º;9643;643;11;Cavalo
04/08/2026;PT;14:30;2º;8475;475;19;Pavão
04/08/2026;PT;14:30;3º;9718;718;05;Cachorro
04/08/2026;PT;14:30;4º;2385;385;22;Tigre
04/08/2026;PT;14:30;5º;1453;453;14;Gato
04/08/2026;PTV;16:30;1º;5286;286;22;Tigre
04/08/2026;PTV;16:30;2º;9266;266;17;Macaco
04/08/2026;PTV;16:30;3º;2461;461;16;Leão
04/08/2026;PTV;16:30;4º;3028;028;07;Carneiro
04/08/2026;PTV;16:30;5º;7357;357;15;Jacaré
04/08/2026;Ptn;--:--;1º;9435;435;09;Cobra
04/08/2026;Ptn;--:--;2º;2306;306;02;Águia
04/08/2026;Ptn;--:--;3º;0714;714;04;Borboleta
04/08/2026;Ptn;--:--;4º;7703;703;01;Avestruz
04/08/2026;Ptn;--:--;5º;7217;217;05;Cachorro
04/08/2026;PPT;09:30;1º;0077;077;20;Peru
04/08/2026;PPT;09:30;2º;4502;502;01;Avestruz
04/08/2026;PPT;09:30;3º;3224;224;06;Cabra
04/08/2026;PPT;09:30;4º;0448;448;12;Elefante
04/08/2026;PPT;09:30;5º;1982;982;21;Touro
04/08/2026;PTM;11:30;1º;5904;904;01;Avestruz
04/08/2026;PTM;11:30;2º;0513;513;04;Borboleta
04/08/2026;PTM;11:30;3º;6872;872;18;Porco
04/08/2026;PTM;11:30;4º;6228;228;07;Carneiro
04/08/2026;PTM;11:30;5º;8573;573;19;Pavão
04/08/2026;PT;14:30;1º;9643;643;11;Cavalo
04/08/2026;PT;14:30;2º;8475;475;19;Pavão
04/08/2026;PT;14:30;3º;9718;718;05;Cachorro
04/08/2026;PT;14:30;4º;2385;385;22;Tigre
04/08/2026;PT;14:30;5º;1453;453;14;Gato
04/08/2026;PTV;16:30;1º;5286;286;22;Tigre
04/08/2026;PTV;16:30;2º;9266;266;17;Macaco
04/08/2026;PTV;16:30;3º;2461;461;16;Leão
04/08/2026;PTV;16:30;4º;3028;028;07;Carneiro
04/08/2026;PTV;16:30;5º;7357;357;15;Jacaré
04/08/2026;Ptn;--:--;1º;9435;435;09;Cobra
04/08/2026;Ptn;--:--;2º;2306;306;02;Águia
04/08/2026;Ptn;--:--;3º;0714;714;04;Borboleta
04/08/2026;Ptn;--:--;4º;7703;703;01;Avestruz
04/08/2026;Ptn;--:--;5º;7217;217;05;Cachorro
04/08/2026;CORUJA;21:30;1º;3808;808;02;Águia
04/08/2026;CORUJA;21:30;2º;9389;389;23;Urso
04/08/2026;CORUJA;21:30;3º;0409;409;03;Burro
04/08/2026;CORUJA;21:30;4º;2587;587;22;Tigre
04/08/2026;CORUJA;21:30;5º;6889;889;23;Urso
05/08/2026;PPT;09:30;1º;1061;061;16;Leão
05/08/2026;PPT;09:30;2º;7922;922;06;Cabra
05/08/2026;PPT;09:30;3º;5736;736;09;Cobra
05/08/2026;PPT;09:30;4º;3669;669;18;Porco
05/08/2026;PPT;09:30;5º;9971;971;18;Porco
05/08/2026;PPT;09:30;1º;1061;061;16;Leão
05/08/2026;PPT;09:30;2º;7922;922;06;Cabra
05/08/2026;PPT;09:30;3º;5736;736;09;Cobra
05/08/2026;PPT;09:30;4º;3669;669;18;Porco
05/08/2026;PPT;09:30;5º;9971;971;18;Porco
05/08/2026;PTM;11:30;1º;6293;293;24;Veado
05/08/2026;PTM;11:30;2º;0645;645;12;Elefante
05/08/2026;PTM;11:30;3º;8571;571;18;Porco
05/08/2026;PTM;11:30;4º;6875;875;19;Pavão
05/08/2026;PTM;11:30;5º;9004;004;01;Avestruz
05/08/2026;PPT;09:30;1º;1061;061;16;Leão
05/08/2026;PPT;09:30;2º;7922;922;06;Cabra
05/08/2026;PPT;09:30;3º;5736;736;09;Cobra
05/08/2026;PPT;09:30;4º;3669;669;18;Porco
05/08/2026;PPT;09:30;5º;9971;971;18;Porco
05/08/2026;PTM;11:30;1º;6293;293;24;Veado
05/08/2026;PTM;11:30;2º;0645;645;12;Elefante
05/08/2026;PTM;11:30;3º;8571;571;18;Porco
05/08/2026;PTM;11:30;4º;6875;875;19;Pavão
05/08/2026;PTM;11:30;5º;9004;004;01;Avestruz
05/08/2026;PT;14:30;1º;3021;021;06;Cabra
05/08/2026;PT;14:30;2º;3483;483;21;Touro
05/08/2026;PT;14:30;3º;4631;631;08;Camelo
05/08/2026;PT;14:30;4º;4253;253;14;Gato
05/08/2026;PT;14:30;5º;6454;454;14;Gato
05/08/2026;PPT;09:30;1º;1061;061;16;Leão
05/08/2026;PPT;09:30;2º;7922;922;06;Cabra
05/08/2026;PPT;09:30;3º;5736;736;09;Cobra
05/08/2026;PPT;09:30;4º;3669;669;18;Porco
05/08/2026;PPT;09:30;5º;9971;971;18;Porco
05/08/2026;PTM;11:30;1º;6293;293;24;Veado
05/08/2026;PTM;11:30;2º;0645;645;12;Elefante
05/08/2026;PTM;11:30;3º;8571;571;18;Porco
05/08/2026;PTM;11:30;4º;6875;875;19;Pavão
05/08/2026;PTM;11:30;5º;9004;004;01;Avestruz
05/08/2026;PT;14:30;1º;3021;021;06;Cabra
05/08/2026;PT;14:30;2º;3483;483;21;Touro
05/08/2026;PT;14:30;3º;4631;631;08;Camelo
05/08/2026;PT;14:30;4º;4253;253;14;Gato
05/08/2026;PT;14:30;5º;6454;454;14;Gato
05/08/2026;PTV;16:30;1º;0841;841;11;Cavalo
05/08/2026;PTV;16:30;2º;4855;855;14;Gato
05/08/2026;PTV;16:30;3º;4331;331;08;Camelo
05/08/2026;PTV;16:30;4º;1594;594;24;Veado
05/08/2026;PTV;16:30;5º;5333;333;09;Cobra
05/08/2026;PPT;09:30;1º;1061;061;16;Leão
05/08/2026;PPT;09:30;2º;7922;922;06;Cabra
05/08/2026;PPT;09:30;3º;5736;736;09;Cobra
05/08/2026;PPT;09:30;4º;3669;669;18;Porco
05/08/2026;PPT;09:30;5º;9971;971;18;Porco
05/08/2026;PTM;11:30;1º;6293;293;24;Veado
05/08/2026;PTM;11:30;2º;0645;645;12;Elefante
05/08/2026;PTM;11:30;3º;8571;571;18;Porco
05/08/2026;PTM;11:30;4º;6875;875;19;Pavão
05/08/2026;PTM;11:30;5º;9004;004;01;Avestruz
05/08/2026;PT;14:30;1º;3021;021;06;Cabra
05/08/2026;PT;14:30;2º;3483;483;21;Touro
05/08/2026;PT;14:30;3º;4631;631;08;Camelo
05/08/2026;PT;14:30;4º;4253;253;14;Gato
05/08/2026;PT;14:30;5º;6454;454;14;Gato
05/08/2026;PTV;16:30;1º;0841;841;11;Cavalo
05/08/2026;PTV;16:30;2º;4855;855;14;Gato
05/08/2026;PTV;16:30;3º;4331;331;08;Camelo
05/08/2026;PTV;16:30;4º;1594;594;24;Veado
05/08/2026;PTV;16:30;5º;5333;333;09;Cobra
05/08/2026;PPT;09:30;1º;1061;061;16;Leão
05/08/2026;PPT;09:30;2º;7922;922;06;Cabra
05/08/2026;PPT;09:30;3º;5736;736;09;Cobra
05/08/2026;PPT;09:30;4º;3669;669;18;Porco
05/08/2026;PPT;09:30;5º;9971;971;18;Porco
05/08/2026;PTM;11:30;1º;6293;293;24;Veado
05/08/2026;PTM;11:30;2º;0645;645;12;Elefante
05/08/2026;PTM;11:30;3º;8571;571;18;Porco
05/08/2026;PTM;11:30;4º;6875;875;19;Pavão
05/08/2026;PTM;11:30;5º;9004;004;01;Avestruz
05/08/2026;PT;14:30;1º;3021;021;06;Cabra
05/08/2026;PT;14:30;2º;3483;483;21;Touro
05/08/2026;PT;14:30;3º;4631;631;08;Camelo
05/08/2026;PT;14:30;4º;4253;253;14;Gato
05/08/2026;PT;14:30;5º;6454;454;14;Gato
05/08/2026;PTV;16:30;1º;0841;841;11;Cavalo
05/08/2026;PTV;16:30;2º;4855;855;14;Gato
05/08/2026;PTV;16:30;3º;4331;331;08;Camelo
05/08/2026;PTV;16:30;4º;1594;594;24;Veado
05/08/2026;PTV;16:30;5º;5333;333;09;Cobra
05/08/2026;PPT;09:30;1º;1061;061;16;Leão
05/08/2026;PPT;09:30;2º;7922;922;06;Cabra
05/08/2026;PPT;09:30;3º;5736;736;09;Cobra
05/08/2026;PPT;09:30;4º;3669;669;18;Porco
05/08/2026;PPT;09:30;5º;9971;971;18;Porco
05/08/2026;PTM;11:30;1º;6293;293;24;Veado
05/08/2026;PTM;11:30;2º;0645;645;12;Elefante
05/08/2026;PTM;11:30;3º;8571;571;18;Porco
05/08/2026;PTM;11:30;4º;6875;875;19;Pavão
05/08/2026;PTM;11:30;5º;9004;004;01;Avestruz
05/08/2026;PT;14:30;1º;3021;021;06;Cabra
05/08/2026;PT;14:30;2º;3483;483;21;Touro
05/08/2026;PT;14:30;3º;4631;631;08;Camelo
05/08/2026;PT;14:30;4º;4253;253;14;Gato
05/08/2026;PT;14:30;5º;6454;454;14;Gato
05/08/2026;PTV;16:30;1º;0841;841;11;Cavalo
05/08/2026;PTV;16:30;2º;4855;855;14;Gato
05/08/2026;PTV;16:30;3º;4331;331;08;Camelo
05/08/2026;PTV;16:30;4º;1594;594;24;Veado
05/08/2026;PTV;16:30;5º;5333;333;09;Cobra
05/08/2026;Federal;--:--;1º;6952;952;13;Galo
05/08/2026;Federal;--:--;2º;8922;922;06;Cabra
05/08/2026;Federal;--:--;3º;9298;298;25;Vaca
05/08/2026;Federal;--:--;4º;6805;805;02;Águia
05/08/2026;Federal;--:--;5º;2721;721;06;Cabra
06/08/2026;PPT;09:30;1º;9422;422;06;Cabra
06/08/2026;PPT;09:30;2º;3626;626;07;Carneiro
06/08/2026;PPT;09:30;3º;1686;686;22;Tigre
06/08/2026;PPT;09:30;4º;5152;152;13;Galo
06/08/2026;PPT;09:30;5º;6653;653;14;Gato
06/08/2026;PPT;09:30;1º;9422;422;06;Cabra
06/08/2026;PPT;09:30;2º;3626;626;07;Carneiro
06/08/2026;PPT;09:30;3º;1686;686;22;Tigre
06/08/2026;PPT;09:30;4º;5152;152;13;Galo
06/08/2026;PPT;09:30;5º;6653;653;14;Gato
06/08/2026;PTM;11:30;1º;6253;253;14;Gato
06/08/2026;PTM;11:30;2º;5396;396;24;Veado
06/08/2026;PTM;11:30;3º;5979;979;20;Peru
06/08/2026;PTM;11:30;4º;6105;105;02;Águia
06/08/2026;PTM;11:30;5º;2095;095;24;Veado
06/08/2026;PT;14:30;1º;9422;422;06;Cabra
06/08/2026;PT;14:30;2º;4323;323;06;Cabra
06/08/2026;PT;14:30;3º;8246;246;12;Elefante
06/08/2026;PT;14:30;4º;8325;325;07;Carneiro
06/08/2026;PT;14:30;5º;4208;208;02;Águia
06/08/2026;PTV;16:30;1º;8890;890;23;Urso
06/08/2026;PTV;16:30;2º;6271;271;18;Porco
06/08/2026;PTV;16:30;3º;6466;466;17;Macaco
06/08/2026;PTV;16:30;4º;7364;364;16;Leão
06/08/2026;PTV;16:30;5º;8607;607;02;Águia
06/08/2026;Ptn;--:--;1º;7752;752;13;Galo
06/08/2026;Ptn;--:--;2º;8289;289;23;Urso
06/08/2026;Ptn;--:--;3º;4666;666;17;Macaco
06/08/2026;Ptn;--:--;4º;2176;176;19;Pavão
06/08/2026;Ptn;--:--;5º;5916;916;04;Borboleta
07/08/2026;PPT;09:30;1º;0967;967;17;Macaco
07/08/2026;PPT;09:30;2º;5499;499;25;Vaca
07/08/2026;PPT;09:30;3º;0980;980;20;Peru
07/08/2026;PPT;09:30;4º;9904;904;01;Avestruz
07/08/2026;PPT;09:30;5º;6590;590;23;Urso
07/08/2026;PPT;09:30;1º;0967;967;17;Macaco
07/08/2026;PPT;09:30;2º;5499;499;25;Vaca
07/08/2026;PPT;09:30;3º;0980;980;20;Peru
07/08/2026;PPT;09:30;4º;9904;904;01;Avestruz
07/08/2026;PPT;09:30;5º;6590;590;23;Urso
07/08/2026;PPT;09:30;1º;0967;967;17;Macaco
07/08/2026;PPT;09:30;2º;5499;499;25;Vaca
07/08/2026;PPT;09:30;3º;0980;980;20;Peru
07/08/2026;PPT;09:30;4º;9904;904;01;Avestruz
07/08/2026;PPT;09:30;5º;6590;590;23;Urso
07/08/2026;PTM;11:30;1º;6801;801;01;Avestruz
07/08/2026;PTM;11:30;2º;8577;577;20;Peru
07/08/2026;PTM;11:30;3º;8980;980;20;Peru
07/08/2026;PTM;11:30;4º;7744;744;11;Cavalo
07/08/2026;PTM;11:30;5º;6092;092;23;Urso
07/08/2026;PPT;09:30;1º;0967;967;17;Macaco
07/08/2026;PPT;09:30;2º;5499;499;25;Vaca
07/08/2026;PPT;09:30;3º;0980;980;20;Peru
07/08/2026;PPT;09:30;4º;9904;904;01;Avestruz
07/08/2026;PPT;09:30;5º;6590;590;23;Urso
07/08/2026;PTM;11:30;1º;6801;801;01;Avestruz
07/08/2026;PTM;11:30;2º;8577;577;20;Peru
07/08/2026;PTM;11:30;3º;8980;980;20;Peru
07/08/2026;PTM;11:30;4º;7744;744;11;Cavalo
07/08/2026;PTM;11:30;5º;6092;092;23;Urso
07/08/2026;PPT;09:30;1º;0967;967;17;Macaco
07/08/2026;PPT;09:30;2º;5499;499;25;Vaca
07/08/2026;PPT;09:30;3º;0980;980;20;Peru
07/08/2026;PPT;09:30;4º;9904;904;01;Avestruz
07/08/2026;PPT;09:30;5º;6590;590;23;Urso
07/08/2026;PTM;11:30;1º;6801;801;01;Avestruz
07/08/2026;PTM;11:30;2º;8577;577;20;Peru
07/08/2026;PTM;11:30;3º;8980;980;20;Peru
07/08/2026;PTM;11:30;4º;7744;744;11;Cavalo
07/08/2026;PTM;11:30;5º;6092;092;23;Urso
07/08/2026;PPT;09:30;1º;0967;967;17;Macaco
07/08/2026;PPT;09:30;2º;5499;499;25;Vaca
07/08/2026;PPT;09:30;3º;0980;980;20;Peru
07/08/2026;PPT;09:30;4º;9904;904;01;Avestruz
07/08/2026;PPT;09:30;5º;6590;590;23;Urso
07/08/2026;PTM;11:30;1º;6801;801;01;Avestruz
07/08/2026;PTM;11:30;2º;8577;577;20;Peru
07/08/2026;PTM;11:30;3º;8980;980;20;Peru
07/08/2026;PTM;11:30;4º;7744;744;11;Cavalo
07/08/2026;PTM;11:30;5º;6092;092;23;Urso
07/08/2026;PT;14:30;1º;8599;599;25;Vaca
07/08/2026;PT;14:30;2º;9908;908;02;Águia
07/08/2026;PT;14:30;3º;0627;627;07;Carneiro
07/08/2026;PT;14:30;4º;4447;447;12;Elefante
07/08/2026;PT;14:30;5º;2457;457;15;Jacaré
07/08/2026;PPT;09:30;1º;0967;967;17;Macaco
07/08/2026;PPT;09:30;2º;5499;499;25;Vaca
07/08/2026;PPT;09:30;3º;0980;980;20;Peru
07/08/2026;PPT;09:30;4º;9904;904;01;Avestruz
07/08/2026;PPT;09:30;5º;6590;590;23;Urso
07/08/2026;PTM;11:30;1º;6801;801;01;Avestruz
07/08/2026;PTM;11:30;2º;8577;577;20;Peru
07/08/2026;PTM;11:30;3º;8980;980;20;Peru
07/08/2026;PTM;11:30;4º;7744;744;11;Cavalo
07/08/2026;PTM;11:30;5º;6092;092;23;Urso
07/08/2026;PT;14:30;1º;8599;599;25;Vaca
07/08/2026;PT;14:30;2º;9908;908;02;Águia
07/08/2026;PT;14:30;3º;0627;627;07;Carneiro
07/08/2026;PT;14:30;4º;4447;447;12;Elefante
07/08/2026;PT;14:30;5º;2457;457;15;Jacaré
07/08/2026;PTV;16:30;1º;9873;873;19;Pavão
07/08/2026;PTV;16:30;2º;4961;961;16;Leão
07/08/2026;PTV;16:30;3º;3144;144;11;Cavalo
07/08/2026;PTV;16:30;4º;4793;793;24;Veado
07/08/2026;PTV;16:30;5º;3591;591;23;Urso
07/08/2026;PPT;09:30;1º;0967;967;17;Macaco
07/08/2026;PPT;09:30;2º;5499;499;25;Vaca
07/08/2026;PPT;09:30;3º;0980;980;20;Peru
07/08/2026;PPT;09:30;4º;9904;904;01;Avestruz
07/08/2026;PPT;09:30;5º;6590;590;23;Urso
07/08/2026;PTM;11:30;1º;6801;801;01;Avestruz
07/08/2026;PTM;11:30;2º;8577;577;20;Peru
07/08/2026;PTM;11:30;3º;8980;980;20;Peru
07/08/2026;PTM;11:30;4º;7744;744;11;Cavalo
07/08/2026;PTM;11:30;5º;6092;092;23;Urso
07/08/2026;PT;14:30;1º;8599;599;25;Vaca
07/08/2026;PT;14:30;2º;9908;908;02;Águia
07/08/2026;PT;14:30;3º;0627;627;07;Carneiro
07/08/2026;PT;14:30;4º;4447;447;12;Elefante
07/08/2026;PT;14:30;5º;2457;457;15;Jacaré
07/08/2026;PTV;16:30;1º;9873;873;19;Pavão
07/08/2026;PTV;16:30;2º;4961;961;16;Leão
07/08/2026;PTV;16:30;3º;3144;144;11;Cavalo
07/08/2026;PTV;16:30;4º;4793;793;24;Veado
07/08/2026;PTV;16:30;5º;3591;591;23;Urso
07/08/2026;PPT;09:30;1º;0967;967;17;Macaco
07/08/2026;PPT;09:30;2º;5499;499;25;Vaca
07/08/2026;PPT;09:30;3º;0980;980;20;Peru
07/08/2026;PPT;09:30;4º;9904;904;01;Avestruz
07/08/2026;PPT;09:30;5º;6590;590;23;Urso
07/08/2026;PTM;11:30;1º;6801;801;01;Avestruz
07/08/2026;PTM;11:30;2º;8577;577;20;Peru
07/08/2026;PTM;11:30;3º;8980;980;20;Peru
07/08/2026;PTM;11:30;4º;7744;744;11;Cavalo
07/08/2026;PTM;11:30;5º;6092;092;23;Urso
07/08/2026;PT;14:30;1º;8599;599;25;Vaca
07/08/2026;PT;14:30;2º;9908;908;02;Águia
07/08/2026;PT;14:30;3º;0627;627;07;Carneiro
07/08/2026;PT;14:30;4º;4447;447;12;Elefante
07/08/2026;PT;14:30;5º;2457;457;15;Jacaré
07/08/2026;PTV;16:30;1º;9873;873;19;Pavão
07/08/2026;PTV;16:30;2º;4961;961;16;Leão
07/08/2026;PTV;16:30;3º;3144;144;11;Cavalo
07/08/2026;PTV;16:30;4º;4793;793;24;Veado
07/08/2026;PTV;16:30;5º;3591;591;23;Urso
07/08/2026;PPT;09:30;1º;0967;967;17;Macaco
07/08/2026;PPT;09:30;2º;5499;499;25;Vaca
07/08/2026;PPT;09:30;3º;0980;980;20;Peru
07/08/2026;PPT;09:30;4º;9904;904;01;Avestruz
07/08/2026;PPT;09:30;5º;6590;590;23;Urso
07/08/2026;PTM;11:30;1º;6801;801;01;Avestruz
07/08/2026;PTM;11:30;2º;8577;577;20;Peru
07/08/2026;PTM;11:30;3º;8980;980;20;Peru
07/08/2026;PTM;11:30;4º;7744;744;11;Cavalo
07/08/2026;PTM;11:30;5º;6092;092;23;Urso
07/08/2026;PT;14:30;1º;8599;599;25;Vaca
07/08/2026;PT;14:30;2º;9908;908;02;Águia
07/08/2026;PT;14:30;3º;0627;627;07;Carneiro
07/08/2026;PT;14:30;4º;4447;447;12;Elefante
07/08/2026;PT;14:30;5º;2457;457;15;Jacaré
07/08/2026;PTV;16:30;1º;9873;873;19;Pavão
07/08/2026;PTV;16:30;2º;4961;961;16;Leão
07/08/2026;PTV;16:30;3º;3144;144;11;Cavalo
07/08/2026;PTV;16:30;4º;4793;793;24;Veado
07/08/2026;PTV;16:30;5º;3591;591;23;Urso
07/08/2026;Ptn;--:--;1º;8212;212;03;Burro
07/08/2026;Ptn;--:--;2º;3501;501;01;Avestruz
07/08/2026;Ptn;--:--;3º;9076;076;19;Pavão
07/08/2026;Ptn;--:--;4º;2565;565;17;Macaco
07/08/2026;Ptn;--:--;5º;3291;291;23;Urso
07/08/2026;PPT;09:30;1º;0967;967;17;Macaco
07/08/2026;PPT;09:30;2º;5499;499;25;Vaca
07/08/2026;PPT;09:30;3º;0980;980;20;Peru
07/08/2026;PPT;09:30;4º;9904;904;01;Avestruz
07/08/2026;PPT;09:30;5º;6590;590;23;Urso
07/08/2026;PTM;11:30;1º;6801;801;01;Avestruz
07/08/2026;PTM;11:30;2º;8577;577;20;Peru
07/08/2026;PTM;11:30;3º;8980;980;20;Peru
07/08/2026;PTM;11:30;4º;7744;744;11;Cavalo
07/08/2026;PTM;11:30;5º;6092;092;23;Urso
07/08/2026;PT;14:30;1º;8599;599;25;Vaca
07/08/2026;PT;14:30;2º;9908;908;02;Águia
07/08/2026;PT;14:30;3º;0627;627;07;Carneiro
07/08/2026;PT;14:30;4º;4447;447;12;Elefante
07/08/2026;PT;14:30;5º;2457;457;15;Jacaré
07/08/2026;PTV;16:30;1º;9873;873;19;Pavão
07/08/2026;PTV;16:30;2º;4961;961;16;Leão
07/08/2026;PTV;16:30;3º;3144;144;11;Cavalo
07/08/2026;PTV;16:30;4º;4793;793;24;Veado
07/08/2026;PTV;16:30;5º;3591;591;23;Urso
07/08/2026;Ptn;--:--;1º;8212;212;03;Burro
07/08/2026;Ptn;--:--;2º;3501;501;01;Avestruz
07/08/2026;Ptn;--:--;3º;9076;076;19;Pavão
07/08/2026;Ptn;--:--;4º;2565;565;17;Macaco
07/08/2026;Ptn;--:--;5º;3291;291;23;Urso
07/08/2026;PPT;09:30;1º;0967;967;17;Macaco
07/08/2026;PPT;09:30;2º;5499;499;25;Vaca
07/08/2026;PPT;09:30;3º;0980;980;20;Peru
07/08/2026;PPT;09:30;4º;9904;904;01;Avestruz
07/08/2026;PPT;09:30;5º;6590;590;23;Urso
07/08/2026;PTM;11:30;1º;6801;801;01;Avestruz
07/08/2026;PTM;11:30;2º;8577;577;20;Peru
07/08/2026;PTM;11:30;3º;8980;980;20;Peru
07/08/2026;PTM;11:30;4º;7744;744;11;Cavalo
07/08/2026;PTM;11:30;5º;6092;092;23;Urso
07/08/2026;PT;14:30;1º;8599;599;25;Vaca
07/08/2026;PT;14:30;2º;9908;908;02;Águia
07/08/2026;PT;14:30;3º;0627;627;07;Carneiro
07/08/2026;PT;14:30;4º;4447;447;12;Elefante
07/08/2026;PT;14:30;5º;2457;457;15;Jacaré
07/08/2026;PTV;16:30;1º;9873;873;19;Pavão
07/08/2026;PTV;16:30;2º;4961;961;16;Leão
07/08/2026;PTV;16:30;3º;3144;144;11;Cavalo
07/08/2026;PTV;16:30;4º;4793;793;24;Veado
07/08/2026;PTV;16:30;5º;3591;591;23;Urso
07/08/2026;Ptn;--:--;1º;8212;212;03;Burro
07/08/2026;Ptn;--:--;2º;3501;501;01;Avestruz
07/08/2026;Ptn;--:--;3º;9076;076;19;Pavão
07/08/2026;Ptn;--:--;4º;2565;565;17;Macaco
07/08/2026;Ptn;--:--;5º;3291;291;23;Urso
07/08/2026;PPT;09:30;1º;0967;967;17;Macaco
07/08/2026;PPT;09:30;2º;5499;499;25;Vaca
07/08/2026;PPT;09:30;3º;0980;980;20;Peru
07/08/2026;PPT;09:30;4º;9904;904;01;Avestruz
07/08/2026;PPT;09:30;5º;6590;590;23;Urso
07/08/2026;PTM;11:30;1º;6801;801;01;Avestruz
07/08/2026;PTM;11:30;2º;8577;577;20;Peru
07/08/2026;PTM;11:30;3º;8980;980;20;Peru
07/08/2026;PTM;11:30;4º;7744;744;11;Cavalo
07/08/2026;PTM;11:30;5º;6092;092;23;Urso
07/08/2026;PT;14:30;1º;8599;599;25;Vaca
07/08/2026;PT;14:30;2º;9908;908;02;Águia
07/08/2026;PT;14:30;3º;0627;627;07;Carneiro
07/08/2026;PT;14:30;4º;4447;447;12;Elefante
07/08/2026;PT;14:30;5º;2457;457;15;Jacaré
07/08/2026;PTV;16:30;1º;9873;873;19;Pavão
07/08/2026;PTV;16:30;2º;4961;961;16;Leão
07/08/2026;PTV;16:30;3º;3144;144;11;Cavalo
07/08/2026;PTV;16:30;4º;4793;793;24;Veado
07/08/2026;PTV;16:30;5º;3591;591;23;Urso
07/08/2026;Ptn;--:--;1º;8212;212;03;Burro
07/08/2026;Ptn;--:--;2º;3501;501;01;Avestruz
07/08/2026;Ptn;--:--;3º;9076;076;19;Pavão
07/08/2026;Ptn;--:--;4º;2565;565;17;Macaco
07/08/2026;Ptn;--:--;5º;3291;291;23;Urso
07/08/2026;CORUJA;21:30;1º;1191;191;23;Urso
07/08/2026;CORUJA;21:30;2º;1241;241;11;Cavalo
07/08/2026;CORUJA;21:30;3º;7544;544;11;Cavalo
07/08/2026;CORUJA;21:30;4º;0263;263;16;Leão
07/08/2026;CORUJA;21:30;5º;9543;543;11;Cavalo
08/08/2026;PPT;09:30;1º;4959;959;15;Jacaré
08/08/2026;PPT;09:30;2º;9744;744;11;Cavalo
08/08/2026;PPT;09:30;3º;7844;844;11;Cavalo
08/08/2026;PPT;09:30;4º;9919;919;05;Cachorro
08/08/2026;PPT;09:30;5º;7624;624;06;Cabra
08/08/2026;PPT;09:30;1º;4959;959;15;Jacaré
08/08/2026;PPT;09:30;2º;9744;744;11;Cavalo
08/08/2026;PPT;09:30;3º;7844;844;11;Cavalo
08/08/2026;PPT;09:30;4º;9919;919;05;Cachorro
08/08/2026;PPT;09:30;5º;7624;624;06;Cabra
08/08/2026;PPT;09:30;1º;4959;959;15;Jacaré
08/08/2026;PPT;09:30;2º;9744;744;11;Cavalo
08/08/2026;PPT;09:30;3º;7844;844;11;Cavalo
08/08/2026;PPT;09:30;4º;9919;919;05;Cachorro
08/08/2026;PPT;09:30;5º;7624;624;06;Cabra
08/08/2026;PTM;11:30;1º;7897;897;25;Vaca
08/08/2026;PTM;11:30;2º;0873;873;19;Pavão
08/08/2026;PTM;11:30;3º;8011;011;03;Burro
08/08/2026;PTM;11:30;4º;3943;943;11;Cavalo
08/08/2026;PTM;11:30;5º;4394;394;24;Veado
08/08/2026;PPT;09:30;1º;4959;959;15;Jacaré
08/08/2026;PPT;09:30;2º;9744;744;11;Cavalo
08/08/2026;PPT;09:30;3º;7844;844;11;Cavalo
08/08/2026;PPT;09:30;4º;9919;919;05;Cachorro
08/08/2026;PPT;09:30;5º;7624;624;06;Cabra
08/08/2026;PTM;11:30;1º;7897;897;25;Vaca
08/08/2026;PTM;11:30;2º;0873;873;19;Pavão
08/08/2026;PTM;11:30;3º;8011;011;03;Burro
08/08/2026;PTM;11:30;4º;3943;943;11;Cavalo
08/08/2026;PTM;11:30;5º;4394;394;24;Veado
08/08/2026;PPT;09:30;1º;4959;959;15;Jacaré
08/08/2026;PPT;09:30;2º;9744;744;11;Cavalo
08/08/2026;PPT;09:30;3º;7844;844;11;Cavalo
08/08/2026;PPT;09:30;4º;9919;919;05;Cachorro
08/08/2026;PPT;09:30;5º;7624;624;06;Cabra
08/08/2026;PTM;11:30;1º;7897;897;25;Vaca
08/08/2026;PTM;11:30;2º;0873;873;19;Pavão
08/08/2026;PTM;11:30;3º;8011;011;03;Burro
08/08/2026;PTM;11:30;4º;3943;943;11;Cavalo
08/08/2026;PTM;11:30;5º;4394;394;24;Veado
08/08/2026;PPT;09:30;1º;4959;959;15;Jacaré
08/08/2026;PPT;09:30;2º;9744;744;11;Cavalo
08/08/2026;PPT;09:30;3º;7844;844;11;Cavalo
08/08/2026;PPT;09:30;4º;9919;919;05;Cachorro
08/08/2026;PPT;09:30;5º;7624;624;06;Cabra
08/08/2026;PTM;11:30;1º;7897;897;25;Vaca
08/08/2026;PTM;11:30;2º;0873;873;19;Pavão
08/08/2026;PTM;11:30;3º;8011;011;03;Burro
08/08/2026;PTM;11:30;4º;3943;943;11;Cavalo
08/08/2026;PTM;11:30;5º;4394;394;24;Veado
08/08/2026;PPT;09:30;1º;4959;959;15;Jacaré
08/08/2026;PPT;09:30;2º;9744;744;11;Cavalo
08/08/2026;PPT;09:30;3º;7844;844;11;Cavalo
08/08/2026;PPT;09:30;4º;9919;919;05;Cachorro
08/08/2026;PPT;09:30;5º;7624;624;06;Cabra
08/08/2026;PTM;11:30;1º;7897;897;25;Vaca
08/08/2026;PTM;11:30;2º;0873;873;19;Pavão
08/08/2026;PTM;11:30;3º;8011;011;03;Burro
08/08/2026;PTM;11:30;4º;3943;943;11;Cavalo
08/08/2026;PTM;11:30;5º;4394;394;24;Veado
08/08/2026;PPT;09:30;1º;4959;959;15;Jacaré
08/08/2026;PPT;09:30;2º;9744;744;11;Cavalo
08/08/2026;PPT;09:30;3º;7844;844;11;Cavalo
08/08/2026;PPT;09:30;4º;9919;919;05;Cachorro
08/08/2026;PPT;09:30;5º;7624;624;06;Cabra
08/08/2026;PTM;11:30;1º;7897;897;25;Vaca
08/08/2026;PTM;11:30;2º;0873;873;19;Pavão
08/08/2026;PTM;11:30;3º;8011;011;03;Burro
08/08/2026;PTM;11:30;4º;3943;943;11;Cavalo
08/08/2026;PTM;11:30;5º;4394;394;24;Veado
08/08/2026;PT;14:30;1º;8111;111;03;Burro
08/08/2026;PT;14:30;2º;7874;874;19;Pavão
08/08/2026;PT;14:30;3º;6818;818;05;Cachorro
08/08/2026;PT;14:30;4º;4878;878;20;Peru
08/08/2026;PT;14:30;5º;5380;380;20;Peru
08/08/2026;PPT;09:30;1º;4959;959;15;Jacaré
08/08/2026;PPT;09:30;2º;9744;744;11;Cavalo
08/08/2026;PPT;09:30;3º;7844;844;11;Cavalo
08/08/2026;PPT;09:30;4º;9919;919;05;Cachorro
08/08/2026;PPT;09:30;5º;7624;624;06;Cabra
08/08/2026;PTM;11:30;1º;7897;897;25;Vaca
08/08/2026;PTM;11:30;2º;0873;873;19;Pavão
08/08/2026;PTM;11:30;3º;8011;011;03;Burro
08/08/2026;PTM;11:30;4º;3943;943;11;Cavalo
08/08/2026;PTM;11:30;5º;4394;394;24;Veado
08/08/2026;PT;14:30;1º;8111;111;03;Burro
08/08/2026;PT;14:30;2º;7874;874;19;Pavão
08/08/2026;PT;14:30;3º;6818;818;05;Cachorro
08/08/2026;PT;14:30;4º;4878;878;20;Peru
08/08/2026;PT;14:30;5º;5380;380;20;Peru
08/08/2026;PPT;09:30;1º;4959;959;15;Jacaré
08/08/2026;PPT;09:30;2º;9744;744;11;Cavalo
08/08/2026;PPT;09:30;3º;7844;844;11;Cavalo
08/08/2026;PPT;09:30;4º;9919;919;05;Cachorro
08/08/2026;PPT;09:30;5º;7624;624;06;Cabra
08/08/2026;PTM;11:30;1º;7897;897;25;Vaca
08/08/2026;PTM;11:30;2º;0873;873;19;Pavão
08/08/2026;PTM;11:30;3º;8011;011;03;Burro
08/08/2026;PTM;11:30;4º;3943;943;11;Cavalo
08/08/2026;PTM;11:30;5º;4394;394;24;Veado
08/08/2026;PT;14:30;1º;8111;111;03;Burro
08/08/2026;PT;14:30;2º;7874;874;19;Pavão
08/08/2026;PT;14:30;3º;6818;818;05;Cachorro
08/08/2026;PT;14:30;4º;4878;878;20;Peru
08/08/2026;PT;14:30;5º;5380;380;20;Peru
08/08/2026;PTV;16:30;1º;6885;885;22;Tigre
08/08/2026;PTV;16:30;2º;7873;873;19;Pavão
08/08/2026;PTV;16:30;3º;0410;410;03;Burro
08/08/2026;PTV;16:30;4º;3985;985;22;Tigre
08/08/2026;PTV;16:30;5º;5862;862;16;Leão
08/08/2026;PPT;09:30;1º;4959;959;15;Jacaré
08/08/2026;PPT;09:30;2º;9744;744;11;Cavalo
08/08/2026;PPT;09:30;3º;7844;844;11;Cavalo
08/08/2026;PPT;09:30;4º;9919;919;05;Cachorro
08/08/2026;PPT;09:30;5º;7624;624;06;Cabra
08/08/2026;PTM;11:30;1º;7897;897;25;Vaca
08/08/2026;PTM;11:30;2º;0873;873;19;Pavão
08/08/2026;PTM;11:30;3º;8011;011;03;Burro
08/08/2026;PTM;11:30;4º;3943;943;11;Cavalo
08/08/2026;PTM;11:30;5º;4394;394;24;Veado
08/08/2026;PT;14:30;1º;8111;111;03;Burro
08/08/2026;PT;14:30;2º;7874;874;19;Pavão
08/08/2026;PT;14:30;3º;6818;818;05;Cachorro
08/08/2026;PT;14:30;4º;4878;878;20;Peru
08/08/2026;PT;14:30;5º;5380;380;20;Peru
08/08/2026;PTV;16:30;1º;6885;885;22;Tigre
08/08/2026;PTV;16:30;2º;7873;873;19;Pavão
08/08/2026;PTV;16:30;3º;0410;410;03;Burro
08/08/2026;PTV;16:30;4º;3985;985;22;Tigre
08/08/2026;PTV;16:30;5º;5862;862;16;Leão
08/08/2026;PPT;09:30;1º;4959;959;15;Jacaré
08/08/2026;PPT;09:30;2º;9744;744;11;Cavalo
08/08/2026;PPT;09:30;3º;7844;844;11;Cavalo
08/08/2026;PPT;09:30;4º;9919;919;05;Cachorro
08/08/2026;PPT;09:30;5º;7624;624;06;Cabra
08/08/2026;PTM;11:30;1º;7897;897;25;Vaca
08/08/2026;PTM;11:30;2º;0873;873;19;Pavão
08/08/2026;PTM;11:30;3º;8011;011;03;Burro
08/08/2026;PTM;11:30;4º;3943;943;11;Cavalo
08/08/2026;PTM;11:30;5º;4394;394;24;Veado
08/08/2026;PT;14:30;1º;8111;111;03;Burro
08/08/2026;PT;14:30;2º;7874;874;19;Pavão
08/08/2026;PT;14:30;3º;6818;818;05;Cachorro
08/08/2026;PT;14:30;4º;4878;878;20;Peru
08/08/2026;PT;14:30;5º;5380;380;20;Peru
08/08/2026;PTV;16:30;1º;6885;885;22;Tigre
08/08/2026;PTV;16:30;2º;7873;873;19;Pavão
08/08/2026;PTV;16:30;3º;0410;410;03;Burro
08/08/2026;PTV;16:30;4º;3985;985;22;Tigre
08/08/2026;PTV;16:30;5º;5862;862;16;Leão
08/08/2026;PPT;09:30;1º;4959;959;15;Jacaré
08/08/2026;PPT;09:30;2º;9744;744;11;Cavalo
08/08/2026;PPT;09:30;3º;7844;844;11;Cavalo
08/08/2026;PPT;09:30;4º;9919;919;05;Cachorro
08/08/2026;PPT;09:30;5º;7624;624;06;Cabra
08/08/2026;PTM;11:30;1º;7897;897;25;Vaca
08/08/2026;PTM;11:30;2º;0873;873;19;Pavão
08/08/2026;PTM;11:30;3º;8011;011;03;Burro
08/08/2026;PTM;11:30;4º;3943;943;11;Cavalo
08/08/2026;PTM;11:30;5º;4394;394;24;Veado
08/08/2026;PT;14:30;1º;8111;111;03;Burro
08/08/2026;PT;14:30;2º;7874;874;19;Pavão
08/08/2026;PT;14:30;3º;6818;818;05;Cachorro
08/08/2026;PT;14:30;4º;4878;878;20;Peru
08/08/2026;PT;14:30;5º;5380;380;20;Peru
08/08/2026;PTV;16:30;1º;6885;885;22;Tigre
08/08/2026;PTV;16:30;2º;7873;873;19;Pavão
08/08/2026;PTV;16:30;3º;0410;410;03;Burro
08/08/2026;PTV;16:30;4º;3985;985;22;Tigre
08/08/2026;PTV;16:30;5º;5862;862;16;Leão
08/08/2026;PPT;09:30;1º;4959;959;15;Jacaré
08/08/2026;PPT;09:30;2º;9744;744;11;Cavalo
08/08/2026;PPT;09:30;3º;7844;844;11;Cavalo
08/08/2026;PPT;09:30;4º;9919;919;05;Cachorro
08/08/2026;PPT;09:30;5º;7624;624;06;Cabra
08/08/2026;PTM;11:30;1º;7897;897;25;Vaca
08/08/2026;PTM;11:30;2º;0873;873;19;Pavão
08/08/2026;PTM;11:30;3º;8011;011;03;Burro
08/08/2026;PTM;11:30;4º;3943;943;11;Cavalo
08/08/2026;PTM;11:30;5º;4394;394;24;Veado
08/08/2026;PT;14:30;1º;8111;111;03;Burro
08/08/2026;PT;14:30;2º;7874;874;19;Pavão
08/08/2026;PT;14:30;3º;6818;818;05;Cachorro
08/08/2026;PT;14:30;4º;4878;878;20;Peru
08/08/2026;PT;14:30;5º;5380;380;20;Peru
08/08/2026;PTV;16:30;1º;6885;885;22;Tigre
08/08/2026;PTV;16:30;2º;7873;873;19;Pavão
08/08/2026;PTV;16:30;3º;0410;410;03;Burro
08/08/2026;PTV;16:30;4º;3985;985;22;Tigre
08/08/2026;PTV;16:30;5º;5862;862;16;Leão
08/08/2026;PPT;09:30;1º;4959;959;15;Jacaré
08/08/2026;PPT;09:30;2º;9744;744;11;Cavalo
08/08/2026;PPT;09:30;3º;7844;844;11;Cavalo
08/08/2026;PPT;09:30;4º;9919;919;05;Cachorro
08/08/2026;PPT;09:30;5º;7624;624;06;Cabra
08/08/2026;PTM;11:30;1º;7897;897;25;Vaca
08/08/2026;PTM;11:30;2º;0873;873;19;Pavão
08/08/2026;PTM;11:30;3º;8011;011;03;Burro
08/08/2026;PTM;11:30;4º;3943;943;11;Cavalo
08/08/2026;PTM;11:30;5º;4394;394;24;Veado
08/08/2026;PT;14:30;1º;8111;111;03;Burro
08/08/2026;PT;14:30;2º;7874;874;19;Pavão
08/08/2026;PT;14:30;3º;6818;818;05;Cachorro
08/08/2026;PT;14:30;4º;4878;878;20;Peru
08/08/2026;PT;14:30;5º;5380;380;20;Peru
08/08/2026;PTV;16:30;1º;6885;885;22;Tigre
08/08/2026;PTV;16:30;2º;7873;873;19;Pavão
08/08/2026;PTV;16:30;3º;0410;410;03;Burro
08/08/2026;PTV;16:30;4º;3985;985;22;Tigre
08/08/2026;PTV;16:30;5º;5862;862;16;Leão
08/08/2026;PPT;09:30;1º;4959;959;15;Jacaré
08/08/2026;PPT;09:30;2º;9744;744;11;Cavalo
08/08/2026;PPT;09:30;3º;7844;844;11;Cavalo
08/08/2026;PPT;09:30;4º;9919;919;05;Cachorro
08/08/2026;PPT;09:30;5º;7624;624;06;Cabra
08/08/2026;PTM;11:30;1º;7897;897;25;Vaca
08/08/2026;PTM;11:30;2º;0873;873;19;Pavão
08/08/2026;PTM;11:30;3º;8011;011;03;Burro
08/08/2026;PTM;11:30;4º;3943;943;11;Cavalo
08/08/2026;PTM;11:30;5º;4394;394;24;Veado
08/08/2026;PT;14:30;1º;8111;111;03;Burro
08/08/2026;PT;14:30;2º;7874;874;19;Pavão
08/08/2026;PT;14:30;3º;6818;818;05;Cachorro
08/08/2026;PT;14:30;4º;4878;878;20;Peru
08/08/2026;PT;14:30;5º;5380;380;20;Peru
08/08/2026;PTV;16:30;1º;6885;885;22;Tigre
08/08/2026;PTV;16:30;2º;7873;873;19;Pavão
08/08/2026;PTV;16:30;3º;0410;410;03;Burro
08/08/2026;PTV;16:30;4º;3985;985;22;Tigre
08/08/2026;PTV;16:30;5º;5862;862;16;Leão
08/08/2026;Ptn;--:--;1º;2183;183;21;Touro
08/08/2026;Ptn;--:--;2º;3545;545;12;Elefante
08/08/2026;Ptn;--:--;3º;7090;090;23;Urso
08/08/2026;Ptn;--:--;4º;6261;261;16;Leão
08/08/2026;Ptn;--:--;5º;0509;509;03;Burro
08/08/2026;PPT;09:30;1º;4959;959;15;Jacaré
08/08/2026;PPT;09:30;2º;9744;744;11;Cavalo
08/08/2026;PPT;09:30;3º;7844;844;11;Cavalo
08/08/2026;PPT;09:30;4º;9919;919;05;Cachorro
08/08/2026;PPT;09:30;5º;7624;624;06;Cabra
08/08/2026;PTM;11:30;1º;7897;897;25;Vaca
08/08/2026;PTM;11:30;2º;0873;873;19;Pavão
08/08/2026;PTM;11:30;3º;8011;011;03;Burro
08/08/2026;PTM;11:30;4º;3943;943;11;Cavalo
08/08/2026;PTM;11:30;5º;4394;394;24;Veado
08/08/2026;PT;14:30;1º;8111;111;03;Burro
08/08/2026;PT;14:30;2º;7874;874;19;Pavão
08/08/2026;PT;14:30;3º;6818;818;05;Cachorro
08/08/2026;PT;14:30;4º;4878;878;20;Peru
08/08/2026;PT;14:30;5º;5380;380;20;Peru
08/08/2026;PTV;16:30;1º;6885;885;22;Tigre
08/08/2026;PTV;16:30;2º;7873;873;19;Pavão
08/08/2026;PTV;16:30;3º;0410;410;03;Burro
08/08/2026;PTV;16:30;4º;3985;985;22;Tigre
08/08/2026;PTV;16:30;5º;5862;862;16;Leão
08/08/2026;Ptn;--:--;1º;2183;183;21;Touro
08/08/2026;Ptn;--:--;2º;3545;545;12;Elefante
08/08/2026;Ptn;--:--;3º;7090;090;23;Urso
08/08/2026;Ptn;--:--;4º;6261;261;16;Leão
08/08/2026;Ptn;--:--;5º;0509;509;03;Burro
08/08/2026;PPT;09:30;1º;4959;959;15;Jacaré
08/08/2026;PPT;09:30;2º;9744;744;11;Cavalo
08/08/2026;PPT;09:30;3º;7844;844;11;Cavalo
08/08/2026;PPT;09:30;4º;9919;919;05;Cachorro
08/08/2026;PPT;09:30;5º;7624;624;06;Cabra
08/08/2026;PTM;11:30;1º;7897;897;25;Vaca
08/08/2026;PTM;11:30;2º;0873;873;19;Pavão
08/08/2026;PTM;11:30;3º;8011;011;03;Burro
08/08/2026;PTM;11:30;4º;3943;943;11;Cavalo
08/08/2026;PTM;11:30;5º;4394;394;24;Veado
08/08/2026;PT;14:30;1º;8111;111;03;Burro
08/08/2026;PT;14:30;2º;7874;874;19;Pavão
08/08/2026;PT;14:30;3º;6818;818;05;Cachorro
08/08/2026;PT;14:30;4º;4878;878;20;Peru
08/08/2026;PT;14:30;5º;5380;380;20;Peru
08/08/2026;PTV;16:30;1º;6885;885;22;Tigre
08/08/2026;PTV;16:30;2º;7873;873;19;Pavão
08/08/2026;PTV;16:30;3º;0410;410;03;Burro
08/08/2026;PTV;16:30;4º;3985;985;22;Tigre
08/08/2026;PTV;16:30;5º;5862;862;16;Leão
08/08/2026;Ptn;--:--;1º;2183;183;21;Touro
08/08/2026;Ptn;--:--;2º;3545;545;12;Elefante
08/08/2026;Ptn;--:--;3º;7090;090;23;Urso
08/08/2026;Ptn;--:--;4º;6261;261;16;Leão
08/08/2026;Ptn;--:--;5º;0509;509;03;Burro
08/08/2026;CORUJA;21:30;1º;0339;339;10;Coelho
08/08/2026;CORUJA;21:30;2º;3848;848;12;Elefante
08/08/2026;CORUJA;21:30;3º;3777;777;20;Peru
08/08/2026;CORUJA;21:30;4º;3567;567;17;Macaco
08/08/2026;CORUJA;21:30;5º;0576;576;19;Pavão
09/08/2026;Federal;--:--;1º;6821;821;06;Cabra
09/08/2026;Federal;--:--;2º;7694;694;24;Veado
09/08/2026;Federal;--:--;3º;7531;531;08;Camelo
09/08/2026;Federal;--:--;4º;0030;030;08;Camelo
09/08/2026;Federal;--:--;5º;3074;074;19;Pavão
09/08/2026;Federal;--:--;1º;6821;821;06;Cabra
09/08/2026;Federal;--:--;2º;7694;694;24;Veado
09/08/2026;Federal;--:--;3º;7531;531;08;Camelo
09/08/2026;Federal;--:--;4º;0030;030;08;Camelo
09/08/2026;Federal;--:--;5º;3074;074;19;Pavão
09/08/2026;Federal;--:--;1º;6821;821;06;Cabra
09/08/2026;Federal;--:--;2º;7694;694;24;Veado
09/08/2026;Federal;--:--;3º;7531;531;08;Camelo
09/08/2026;Federal;--:--;4º;0030;030;08;Camelo
09/08/2026;Federal;--:--;5º;3074;074;19;Pavão
09/08/2026;Federal;--:--;1º;6821;821;06;Cabra
09/08/2026;Federal;--:--;2º;7694;694;24;Veado
09/08/2026;Federal;--:--;3º;7531;531;08;Camelo
09/08/2026;Federal;--:--;4º;0030;030;08;Camelo
09/08/2026;Federal;--:--;5º;3074;074;19;Pavão
09/08/2026;PT;14:30;1º;1051;051;13;Galo
09/08/2026;PT;14:30;2º;6557;557;15;Jacaré
09/08/2026;PT;14:30;3º;4242;242;11;Cavalo
09/08/2026;PT;14:30;4º;5877;877;20;Peru
09/08/2026;PT;14:30;5º;7977;977;20;Peru
09/08/2026;Federal;--:--;1º;6821;821;06;Cabra
09/08/2026;Federal;--:--;2º;7694;694;24;Veado
09/08/2026;Federal;--:--;3º;7531;531;08;Camelo
09/08/2026;Federal;--:--;4º;0030;030;08;Camelo
09/08/2026;Federal;--:--;5º;3074;074;19;Pavão
09/08/2026;PT;14:30;1º;1051;051;13;Galo
09/08/2026;PT;14:30;2º;6557;557;15;Jacaré
09/08/2026;PT;14:30;3º;4242;242;11;Cavalo
09/08/2026;PT;14:30;4º;5877;877;20;Peru
09/08/2026;PT;14:30;5º;7977;977;20;Peru
09/08/2026;Federal;--:--;1º;6821;821;06;Cabra
09/08/2026;Federal;--:--;2º;7694;694;24;Veado
09/08/2026;Federal;--:--;3º;7531;531;08;Camelo
09/08/2026;Federal;--:--;4º;0030;030;08;Camelo
09/08/2026;Federal;--:--;5º;3074;074;19;Pavão
09/08/2026;PT;14:30;1º;1051;051;13;Galo
09/08/2026;PT;14:30;2º;6557;557;15;Jacaré
09/08/2026;PT;14:30;3º;4242;242;11;Cavalo
09/08/2026;PT;14:30;4º;5877;877;20;Peru
09/08/2026;PT;14:30;5º;7977;977;20;Peru
09/08/2026;PTV;16:30;1º;2102;102;01;Avestruz
09/08/2026;PTV;16:30;2º;8778;778;20;Peru
09/08/2026;PTV;16:30;3º;6996;996;24;Veado
09/08/2026;PTV;16:30;4º;5035;035;09;Cobra
09/08/2026;PTV;16:30;5º;3076;076;19;Pavão
09/08/2026;Federal;--:--;1º;6821;821;06;Cabra
09/08/2026;Federal;--:--;2º;7694;694;24;Veado
09/08/2026;Federal;--:--;3º;7531;531;08;Camelo
09/08/2026;Federal;--:--;4º;0030;030;08;Camelo
09/08/2026;Federal;--:--;5º;3074;074;19;Pavão
09/08/2026;PT;14:30;1º;1051;051;13;Galo
09/08/2026;PT;14:30;2º;6557;557;15;Jacaré
09/08/2026;PT;14:30;3º;4242;242;11;Cavalo
09/08/2026;PT;14:30;4º;5877;877;20;Peru
09/08/2026;PT;14:30;5º;7977;977;20;Peru
09/08/2026;PTV;16:30;1º;2102;102;01;Avestruz
09/08/2026;PTV;16:30;2º;8778;778;20;Peru
09/08/2026;PTV;16:30;3º;6996;996;24;Veado
09/08/2026;PTV;16:30;4º;5035;035;09;Cobra
09/08/2026;PTV;16:30;5º;3076;076;19;Pavão
09/08/2026;Federal;--:--;1º;6821;821;06;Cabra
09/08/2026;Federal;--:--;2º;7694;694;24;Veado
09/08/2026;Federal;--:--;3º;7531;531;08;Camelo
09/08/2026;Federal;--:--;4º;0030;030;08;Camelo
09/08/2026;Federal;--:--;5º;3074;074;19;Pavão
09/08/2026;PT;14:30;1º;1051;051;13;Galo
09/08/2026;PT;14:30;2º;6557;557;15;Jacaré
09/08/2026;PT;14:30;3º;4242;242;11;Cavalo
09/08/2026;PT;14:30;4º;5877;877;20;Peru
09/08/2026;PT;14:30;5º;7977;977;20;Peru
09/08/2026;PTV;16:30;1º;2102;102;01;Avestruz
09/08/2026;PTV;16:30;2º;8778;778;20;Peru
09/08/2026;PTV;16:30;3º;6996;996;24;Veado
09/08/2026;PTV;16:30;4º;5035;035;09;Cobra
09/08/2026;PTV;16:30;5º;3076;076;19;Pavão
09/08/2026;Federal;--:--;1º;6821;821;06;Cabra
09/08/2026;Federal;--:--;2º;7694;694;24;Veado
09/08/2026;Federal;--:--;3º;7531;531;08;Camelo
09/08/2026;Federal;--:--;4º;0030;030;08;Camelo
09/08/2026;Federal;--:--;5º;3074;074;19;Pavão
09/08/2026;PT;14:30;1º;1051;051;13;Galo
09/08/2026;PT;14:30;2º;6557;557;15;Jacaré
09/08/2026;PT;14:30;3º;4242;242;11;Cavalo
09/08/2026;PT;14:30;4º;5877;877;20;Peru
09/08/2026;PT;14:30;5º;7977;977;20;Peru
09/08/2026;PTV;16:30;1º;2102;102;01;Avestruz
09/08/2026;PTV;16:30;2º;8778;778;20;Peru
09/08/2026;PTV;16:30;3º;6996;996;24;Veado
09/08/2026;PTV;16:30;4º;5035;035;09;Cobra
09/08/2026;PTV;16:30;5º;3076;076;19;Pavão
09/08/2026;Federal;--:--;1º;6821;821;06;Cabra
09/08/2026;Federal;--:--;2º;7694;694;24;Veado
09/08/2026;Federal;--:--;3º;7531;531;08;Camelo
09/08/2026;Federal;--:--;4º;0030;030;08;Camelo
09/08/2026;Federal;--:--;5º;3074;074;19;Pavão
09/08/2026;PT;14:30;1º;1051;051;13;Galo
09/08/2026;PT;14:30;2º;6557;557;15;Jacaré
09/08/2026;PT;14:30;3º;4242;242;11;Cavalo
09/08/2026;PT;14:30;4º;5877;877;20;Peru
09/08/2026;PT;14:30;5º;7977;977;20;Peru
09/08/2026;PTV;16:30;1º;2102;102;01;Avestruz
09/08/2026;PTV;16:30;2º;8778;778;20;Peru
09/08/2026;PTV;16:30;3º;6996;996;24;Veado
09/08/2026;PTV;16:30;4º;5035;035;09;Cobra
09/08/2026;PTV;16:30;5º;3076;076;19;Pavão
09/08/2026;Federal;--:--;1º;6821;821;06;Cabra
09/08/2026;Federal;--:--;2º;7694;694;24;Veado
09/08/2026;Federal;--:--;3º;7531;531;08;Camelo
09/08/2026;Federal;--:--;4º;0030;030;08;Camelo
09/08/2026;Federal;--:--;5º;3074;074;19;Pavão
09/08/2026;PT;14:30;1º;1051;051;13;Galo
09/08/2026;PT;14:30;2º;6557;557;15;Jacaré
09/08/2026;PT;14:30;3º;4242;242;11;Cavalo
09/08/2026;PT;14:30;4º;5877;877;20;Peru
09/08/2026;PT;14:30;5º;7977;977;20;Peru
09/08/2026;PTV;16:30;1º;2102;102;01;Avestruz
09/08/2026;PTV;16:30;2º;8778;778;20;Peru
09/08/2026;PTV;16:30;3º;6996;996;24;Veado
09/08/2026;PTV;16:30;4º;5035;035;09;Cobra
09/08/2026;PTV;16:30;5º;3076;076;19;Pavão
09/08/2026;Federal;--:--;1º;6821;821;06;Cabra
09/08/2026;Federal;--:--;2º;7694;694;24;Veado
09/08/2026;Federal;--:--;3º;7531;531;08;Camelo
09/08/2026;Federal;--:--;4º;0030;030;08;Camelo
09/08/2026;Federal;--:--;5º;3074;074;19;Pavão
09/08/2026;PT;14:30;1º;1051;051;13;Galo
09/08/2026;PT;14:30;2º;6557;557;15;Jacaré
09/08/2026;PT;14:30;3º;4242;242;11;Cavalo
09/08/2026;PT;14:30;4º;5877;877;20;Peru
09/08/2026;PT;14:30;5º;7977;977;20;Peru
09/08/2026;PTV;16:30;1º;2102;102;01;Avestruz
09/08/2026;PTV;16:30;2º;8778;778;20;Peru
09/08/2026;PTV;16:30;3º;6996;996;24;Veado
09/08/2026;PTV;16:30;4º;5035;035;09;Cobra
09/08/2026;PTV;16:30;5º;3076;076;19;Pavão
09/08/2026;Federal;--:--;1º;6821;821;06;Cabra
09/08/2026;Federal;--:--;2º;7694;694;24;Veado
09/08/2026;Federal;--:--;3º;7531;531;08;Camelo
09/08/2026;Federal;--:--;4º;0030;030;08;Camelo
09/08/2026;Federal;--:--;5º;3074;074;19;Pavão
09/08/2026;PT;14:30;1º;1051;051;13;Galo
09/08/2026;PT;14:30;2º;6557;557;15;Jacaré
09/08/2026;PT;14:30;3º;4242;242;11;Cavalo
09/08/2026;PT;14:30;4º;5877;877;20;Peru
09/08/2026;PT;14:30;5º;7977;977;20;Peru
09/08/2026;PTV;16:30;1º;2102;102;01;Avestruz
09/08/2026;PTV;16:30;2º;8778;778;20;Peru
09/08/2026;PTV;16:30;3º;6996;996;24;Veado
09/08/2026;PTV;16:30;4º;5035;035;09;Cobra
09/08/2026;PTV;16:30;5º;3076;076;19;Pavão
10/08/2026;PPT;09:30;1º;0272;272;18;Porco
10/08/2026;PPT;09:30;2º;5405;405;02;Águia
10/08/2026;PPT;09:30;3º;5879;879;20;Peru
10/08/2026;PPT;09:30;4º;3459;459;15;Jacaré
10/08/2026;PPT;09:30;5º;6650;650;13;Galo
10/08/2026;PPT;09:30;1º;0272;272;18;Porco
10/08/2026;PPT;09:30;2º;5405;405;02;Águia
10/08/2026;PPT;09:30;3º;5879;879;20;Peru
10/08/2026;PPT;09:30;4º;3459;459;15;Jacaré
10/08/2026;PPT;09:30;5º;6650;650;13;Galo
10/08/2026;PTM;11:30;1º;3390;390;23;Urso
10/08/2026;PTM;11:30;2º;8476;476;19;Pavão
10/08/2026;PTM;11:30;3º;0048;048;12;Elefante
10/08/2026;PTM;11:30;4º;5530;530;08;Camelo
10/08/2026;PTM;11:30;5º;4088;088;22;Tigre
10/08/2026;PPT;09:30;1º;0272;272;18;Porco
10/08/2026;PPT;09:30;2º;5405;405;02;Águia
10/08/2026;PPT;09:30;3º;5879;879;20;Peru
10/08/2026;PPT;09:30;4º;3459;459;15;Jacaré
10/08/2026;PPT;09:30;5º;6650;650;13;Galo
10/08/2026;PTM;11:30;1º;3390;390;23;Urso
10/08/2026;PTM;11:30;2º;8476;476;19;Pavão
10/08/2026;PTM;11:30;3º;0048;048;12;Elefante
10/08/2026;PTM;11:30;4º;5530;530;08;Camelo
10/08/2026;PTM;11:30;5º;4088;088;22;Tigre
10/08/2026;PPT;09:30;1º;0272;272;18;Porco
10/08/2026;PPT;09:30;2º;5405;405;02;Águia
10/08/2026;PPT;09:30;3º;5879;879;20;Peru
10/08/2026;PPT;09:30;4º;3459;459;15;Jacaré
10/08/2026;PPT;09:30;5º;6650;650;13;Galo
10/08/2026;PTM;11:30;1º;3390;390;23;Urso
10/08/2026;PTM;11:30;2º;8476;476;19;Pavão
10/08/2026;PTM;11:30;3º;0048;048;12;Elefante
10/08/2026;PTM;11:30;4º;5530;530;08;Camelo
10/08/2026;PTM;11:30;5º;4088;088;22;Tigre
10/08/2026;PPT;09:30;1º;0272;272;18;Porco
10/08/2026;PPT;09:30;2º;5405;405;02;Águia
10/08/2026;PPT;09:30;3º;5879;879;20;Peru
10/08/2026;PPT;09:30;4º;3459;459;15;Jacaré
10/08/2026;PPT;09:30;5º;6650;650;13;Galo
10/08/2026;PTM;11:30;1º;3390;390;23;Urso
10/08/2026;PTM;11:30;2º;8476;476;19;Pavão
10/08/2026;PTM;11:30;3º;0048;048;12;Elefante
10/08/2026;PTM;11:30;4º;5530;530;08;Camelo
10/08/2026;PTM;11:30;5º;4088;088;22;Tigre
10/08/2026;PT;14:30;1º;0225;225;07;Carneiro
10/08/2026;PT;14:30;2º;7042;042;11;Cavalo
10/08/2026;PT;14:30;3º;2883;883;21;Touro
10/08/2026;PT;14:30;4º;5934;934;09;Cobra
10/08/2026;PT;14:30;5º;4866;866;17;Macaco
10/08/2026;PPT;09:30;1º;0272;272;18;Porco
10/08/2026;PPT;09:30;2º;5405;405;02;Águia
10/08/2026;PPT;09:30;3º;5879;879;20;Peru
10/08/2026;PPT;09:30;4º;3459;459;15;Jacaré
10/08/2026;PPT;09:30;5º;6650;650;13;Galo
10/08/2026;PTM;11:30;1º;3390;390;23;Urso
10/08/2026;PTM;11:30;2º;8476;476;19;Pavão
10/08/2026;PTM;11:30;3º;0048;048;12;Elefante
10/08/2026;PTM;11:30;4º;5530;530;08;Camelo
10/08/2026;PTM;11:30;5º;4088;088;22;Tigre
10/08/2026;PT;14:30;1º;0225;225;07;Carneiro
10/08/2026;PT;14:30;2º;7042;042;11;Cavalo
10/08/2026;PT;14:30;3º;2883;883;21;Touro
10/08/2026;PT;14:30;4º;5934;934;09;Cobra
10/08/2026;PT;14:30;5º;4866;866;17;Macaco
10/08/2026;PPT;09:30;1º;0272;272;18;Porco
10/08/2026;PPT;09:30;2º;5405;405;02;Águia
10/08/2026;PPT;09:30;3º;5879;879;20;Peru
10/08/2026;PPT;09:30;4º;3459;459;15;Jacaré
10/08/2026;PPT;09:30;5º;6650;650;13;Galo
10/08/2026;PTM;11:30;1º;3390;390;23;Urso
10/08/2026;PTM;11:30;2º;8476;476;19;Pavão
10/08/2026;PTM;11:30;3º;0048;048;12;Elefante
10/08/2026;PTM;11:30;4º;5530;530;08;Camelo
10/08/2026;PTM;11:30;5º;4088;088;22;Tigre
10/08/2026;PT;14:30;1º;0225;225;07;Carneiro
10/08/2026;PT;14:30;2º;7042;042;11;Cavalo
10/08/2026;PT;14:30;3º;2883;883;21;Touro
10/08/2026;PT;14:30;4º;5934;934;09;Cobra
10/08/2026;PT;14:30;5º;4866;866;17;Macaco
10/08/2026;PTV;16:30;1º;7669;669;18;Porco
10/08/2026;PTV;16:30;2º;0897;897;25;Vaca
10/08/2026;PTV;16:30;3º;5512;512;03;Burro
10/08/2026;PTV;16:30;4º;0238;238;10;Coelho
10/08/2026;PTV;16:30;5º;5437;437;10;Coelho
10/08/2026;PPT;09:30;1º;0272;272;18;Porco
10/08/2026;PPT;09:30;2º;5405;405;02;Águia
10/08/2026;PPT;09:30;3º;5879;879;20;Peru
10/08/2026;PPT;09:30;4º;3459;459;15;Jacaré
10/08/2026;PPT;09:30;5º;6650;650;13;Galo
10/08/2026;PTM;11:30;1º;3390;390;23;Urso
10/08/2026;PTM;11:30;2º;8476;476;19;Pavão
10/08/2026;PTM;11:30;3º;0048;048;12;Elefante
10/08/2026;PTM;11:30;4º;5530;530;08;Camelo
10/08/2026;PTM;11:30;5º;4088;088;22;Tigre
10/08/2026;PT;14:30;1º;0225;225;07;Carneiro
10/08/2026;PT;14:30;2º;7042;042;11;Cavalo
10/08/2026;PT;14:30;3º;2883;883;21;Touro
10/08/2026;PT;14:30;4º;5934;934;09;Cobra
10/08/2026;PT;14:30;5º;4866;866;17;Macaco
10/08/2026;PTV;16:30;1º;7669;669;18;Porco
10/08/2026;PTV;16:30;2º;0897;897;25;Vaca
10/08/2026;PTV;16:30;3º;5512;512;03;Burro
10/08/2026;PTV;16:30;4º;0238;238;10;Coelho
10/08/2026;PTV;16:30;5º;5437;437;10;Coelho
10/08/2026;PPT;09:30;1º;0272;272;18;Porco
10/08/2026;PPT;09:30;2º;5405;405;02;Águia
10/08/2026;PPT;09:30;3º;5879;879;20;Peru
10/08/2026;PPT;09:30;4º;3459;459;15;Jacaré
10/08/2026;PPT;09:30;5º;6650;650;13;Galo
10/08/2026;PTM;11:30;1º;3390;390;23;Urso
10/08/2026;PTM;11:30;2º;8476;476;19;Pavão
10/08/2026;PTM;11:30;3º;0048;048;12;Elefante
10/08/2026;PTM;11:30;4º;5530;530;08;Camelo
10/08/2026;PTM;11:30;5º;4088;088;22;Tigre
10/08/2026;PT;14:30;1º;0225;225;07;Carneiro
10/08/2026;PT;14:30;2º;7042;042;11;Cavalo
10/08/2026;PT;14:30;3º;2883;883;21;Touro
10/08/2026;PT;14:30;4º;5934;934;09;Cobra
10/08/2026;PT;14:30;5º;4866;866;17;Macaco
10/08/2026;PTV;16:30;1º;7669;669;18;Porco
10/08/2026;PTV;16:30;2º;0897;897;25;Vaca
10/08/2026;PTV;16:30;3º;5512;512;03;Burro
10/08/2026;PTV;16:30;4º;0238;238;10;Coelho
10/08/2026;PTV;16:30;5º;5437;437;10;Coelho
10/08/2026;Ptn;--:--;1º;5711;711;03;Burro
10/08/2026;Ptn;--:--;2º;6318;318;05;Cachorro
10/08/2026;Ptn;--:--;3º;4948;948;12;Elefante
10/08/2026;Ptn;--:--;4º;6972;972;18;Porco
10/08/2026;Ptn;--:--;5º;0904;904;01;Avestruz
10/08/2026;PPT;09:30;1º;0272;272;18;Porco
10/08/2026;PPT;09:30;2º;5405;405;02;Águia
10/08/2026;PPT;09:30;3º;5879;879;20;Peru
10/08/2026;PPT;09:30;4º;3459;459;15;Jacaré
10/08/2026;PPT;09:30;5º;6650;650;13;Galo
10/08/2026;PTM;11:30;1º;3390;390;23;Urso
10/08/2026;PTM;11:30;2º;8476;476;19;Pavão
10/08/2026;PTM;11:30;3º;0048;048;12;Elefante
10/08/2026;PTM;11:30;4º;5530;530;08;Camelo
10/08/2026;PTM;11:30;5º;4088;088;22;Tigre
10/08/2026;PT;14:30;1º;0225;225;07;Carneiro
10/08/2026;PT;14:30;2º;7042;042;11;Cavalo
10/08/2026;PT;14:30;3º;2883;883;21;Touro
10/08/2026;PT;14:30;4º;5934;934;09;Cobra
10/08/2026;PT;14:30;5º;4866;866;17;Macaco
10/08/2026;PTV;16:30;1º;7669;669;18;Porco
10/08/2026;PTV;16:30;2º;0897;897;25;Vaca
10/08/2026;PTV;16:30;3º;5512;512;03;Burro
10/08/2026;PTV;16:30;4º;0238;238;10;Coelho
10/08/2026;PTV;16:30;5º;5437;437;10;Coelho
10/08/2026;Ptn;--:--;1º;5711;711;03;Burro
10/08/2026;Ptn;--:--;2º;6318;318;05;Cachorro
10/08/2026;Ptn;--:--;3º;4948;948;12;Elefante
10/08/2026;Ptn;--:--;4º;6972;972;18;Porco
10/08/2026;Ptn;--:--;5º;0904;904;01;Avestruz
10/08/2026;PPT;09:30;1º;0272;272;18;Porco
10/08/2026;PPT;09:30;2º;5405;405;02;Águia
10/08/2026;PPT;09:30;3º;5879;879;20;Peru
10/08/2026;PPT;09:30;4º;3459;459;15;Jacaré
10/08/2026;PPT;09:30;5º;6650;650;13;Galo
10/08/2026;PTM;11:30;1º;3390;390;23;Urso
10/08/2026;PTM;11:30;2º;8476;476;19;Pavão
10/08/2026;PTM;11:30;3º;0048;048;12;Elefante
10/08/2026;PTM;11:30;4º;5530;530;08;Camelo
10/08/2026;PTM;11:30;5º;4088;088;22;Tigre
10/08/2026;PT;14:30;1º;0225;225;07;Carneiro
10/08/2026;PT;14:30;2º;7042;042;11;Cavalo
10/08/2026;PT;14:30;3º;2883;883;21;Touro
10/08/2026;PT;14:30;4º;5934;934;09;Cobra
10/08/2026;PT;14:30;5º;4866;866;17;Macaco
10/08/2026;PTV;16:30;1º;7669;669;18;Porco
10/08/2026;PTV;16:30;2º;0897;897;25;Vaca
10/08/2026;PTV;16:30;3º;5512;512;03;Burro
10/08/2026;PTV;16:30;4º;0238;238;10;Coelho
10/08/2026;PTV;16:30;5º;5437;437;10;Coelho
10/08/2026;Ptn;--:--;1º;5711;711;03;Burro
10/08/2026;Ptn;--:--;2º;6318;318;05;Cachorro
10/08/2026;Ptn;--:--;3º;4948;948;12;Elefante
10/08/2026;Ptn;--:--;4º;6972;972;18;Porco
10/08/2026;Ptn;--:--;5º;0904;904;01;Avestruz
10/08/2026;PPT;09:30;1º;0272;272;18;Porco
10/08/2026;PPT;09:30;2º;5405;405;02;Águia
10/08/2026;PPT;09:30;3º;5879;879;20;Peru
10/08/2026;PPT;09:30;4º;3459;459;15;Jacaré
10/08/2026;PPT;09:30;5º;6650;650;13;Galo
10/08/2026;PTM;11:30;1º;3390;390;23;Urso
10/08/2026;PTM;11:30;2º;8476;476;19;Pavão
10/08/2026;PTM;11:30;3º;0048;048;12;Elefante
10/08/2026;PTM;11:30;4º;5530;530;08;Camelo
10/08/2026;PTM;11:30;5º;4088;088;22;Tigre
10/08/2026;PT;14:30;1º;0225;225;07;Carneiro
10/08/2026;PT;14:30;2º;7042;042;11;Cavalo
10/08/2026;PT;14:30;3º;2883;883;21;Touro
10/08/2026;PT;14:30;4º;5934;934;09;Cobra
10/08/2026;PT;14:30;5º;4866;866;17;Macaco
10/08/2026;PTV;16:30;1º;7669;669;18;Porco
10/08/2026;PTV;16:30;2º;0897;897;25;Vaca
10/08/2026;PTV;16:30;3º;5512;512;03;Burro
10/08/2026;PTV;16:30;4º;0238;238;10;Coelho
10/08/2026;PTV;16:30;5º;5437;437;10;Coelho
10/08/2026;Ptn;--:--;1º;5711;711;03;Burro
10/08/2026;Ptn;--:--;2º;6318;318;05;Cachorro
10/08/2026;Ptn;--:--;3º;4948;948;12;Elefante
10/08/2026;Ptn;--:--;4º;6972;972;18;Porco
10/08/2026;Ptn;--:--;5º;0904;904;01;Avestruz
10/08/2026;CORUJA;21:30;1º;1604;604;01;Avestruz
10/08/2026;CORUJA;21:30;2º;3477;477;20;Peru
10/08/2026;CORUJA;21:30;3º;3139;139;10;Coelho
10/08/2026;CORUJA;21:30;4º;7098;098;25;Vaca
10/08/2026;CORUJA;21:30;5º;0524;524;06;Cabra
11/08/2026;PPT;09:30;1º;5953;953;14;Gato
11/08/2026;PPT;09:30;2º;2243;243;11;Cavalo
11/08/2026;PPT;09:30;3º;4303;303;01;Avestruz
11/08/2026;PPT;09:30;4º;1142;142;11;Cavalo
11/08/2026;PPT;09:30;5º;4511;511;03;Burro
11/08/2026;PPT;09:30;1º;5953;953;14;Gato
11/08/2026;PPT;09:30;2º;2243;243;11;Cavalo
11/08/2026;PPT;09:30;3º;4303;303;01;Avestruz
11/08/2026;PPT;09:30;4º;1142;142;11;Cavalo
11/08/2026;PPT;09:30;5º;4511;511;03;Burro
11/08/2026;PPT;09:30;1º;5953;953;14;Gato
11/08/2026;PPT;09:30;2º;2243;243;11;Cavalo
11/08/2026;PPT;09:30;3º;4303;303;01;Avestruz
11/08/2026;PPT;09:30;4º;1142;142;11;Cavalo
11/08/2026;PPT;09:30;5º;4511;511;03;Burro
11/08/2026;PTM;11:30;1º;7010;010;03;Burro
11/08/2026;PTM;11:30;2º;9043;043;11;Cavalo
11/08/2026;PTM;11:30;3º;5140;140;10;Coelho
11/08/2026;PTM;11:30;4º;4208;208;02;Águia
11/08/2026;PTM;11:30;5º;6922;922;06;Cabra
11/08/2026;PPT;09:30;1º;5953;953;14;Gato
11/08/2026;PPT;09:30;2º;2243;243;11;Cavalo
11/08/2026;PPT;09:30;3º;4303;303;01;Avestruz
11/08/2026;PPT;09:30;4º;1142;142;11;Cavalo
11/08/2026;PPT;09:30;5º;4511;511;03;Burro
11/08/2026;PTM;11:30;1º;7010;010;03;Burro
11/08/2026;PTM;11:30;2º;9043;043;11;Cavalo
11/08/2026;PTM;11:30;3º;5140;140;10;Coelho
11/08/2026;PTM;11:30;4º;4208;208;02;Águia
11/08/2026;PTM;11:30;5º;6922;922;06;Cabra
11/08/2026;PPT;09:30;1º;5953;953;14;Gato
11/08/2026;PPT;09:30;2º;2243;243;11;Cavalo
11/08/2026;PPT;09:30;3º;4303;303;01;Avestruz
11/08/2026;PPT;09:30;4º;1142;142;11;Cavalo
11/08/2026;PPT;09:30;5º;4511;511;03;Burro
11/08/2026;PTM;11:30;1º;7010;010;03;Burro
11/08/2026;PTM;11:30;2º;9043;043;11;Cavalo
11/08/2026;PTM;11:30;3º;5140;140;10;Coelho
11/08/2026;PTM;11:30;4º;4208;208;02;Águia
11/08/2026;PTM;11:30;5º;6922;922;06;Cabra
11/08/2026;PPT;09:30;1º;5953;953;14;Gato
11/08/2026;PPT;09:30;2º;2243;243;11;Cavalo
11/08/2026;PPT;09:30;3º;4303;303;01;Avestruz
11/08/2026;PPT;09:30;4º;1142;142;11;Cavalo
11/08/2026;PPT;09:30;5º;4511;511;03;Burro
11/08/2026;PTM;11:30;1º;7010;010;03;Burro
11/08/2026;PTM;11:30;2º;9043;043;11;Cavalo
11/08/2026;PTM;11:30;3º;5140;140;10;Coelho
11/08/2026;PTM;11:30;4º;4208;208;02;Águia
11/08/2026;PTM;11:30;5º;6922;922;06;Cabra
11/08/2026;PT;14:30;1º;1251;251;13;Galo
11/08/2026;PT;14:30;2º;3432;432;08;Camelo
11/08/2026;PT;14:30;3º;8407;407;02;Águia
11/08/2026;PT;14:30;4º;7274;274;19;Pavão
11/08/2026;PT;14:30;5º;9262;262;16;Leão
11/08/2026;PPT;09:30;1º;5953;953;14;Gato
11/08/2026;PPT;09:30;2º;2243;243;11;Cavalo
11/08/2026;PPT;09:30;3º;4303;303;01;Avestruz
11/08/2026;PPT;09:30;4º;1142;142;11;Cavalo
11/08/2026;PPT;09:30;5º;4511;511;03;Burro
11/08/2026;PTM;11:30;1º;7010;010;03;Burro
11/08/2026;PTM;11:30;2º;9043;043;11;Cavalo
11/08/2026;PTM;11:30;3º;5140;140;10;Coelho
11/08/2026;PTM;11:30;4º;4208;208;02;Águia
11/08/2026;PTM;11:30;5º;6922;922;06;Cabra
11/08/2026;PT;14:30;1º;1251;251;13;Galo
11/08/2026;PT;14:30;2º;3432;432;08;Camelo
11/08/2026;PT;14:30;3º;8407;407;02;Águia
11/08/2026;PT;14:30;4º;7274;274;19;Pavão
11/08/2026;PT;14:30;5º;9262;262;16;Leão
11/08/2026;PTV;16:30;1º;8292;292;23;Urso
11/08/2026;PTV;16:30;2º;3749;749;13;Galo
11/08/2026;PTV;16:30;3º;3795;795;24;Veado
11/08/2026;PTV;16:30;4º;6861;861;16;Leão
11/08/2026;PTV;16:30;5º;3262;262;16;Leão
11/08/2026;PPT;09:30;1º;5953;953;14;Gato
11/08/2026;PPT;09:30;2º;2243;243;11;Cavalo
11/08/2026;PPT;09:30;3º;4303;303;01;Avestruz
11/08/2026;PPT;09:30;4º;1142;142;11;Cavalo
11/08/2026;PPT;09:30;5º;4511;511;03;Burro
11/08/2026;PTM;11:30;1º;7010;010;03;Burro
11/08/2026;PTM;11:30;2º;9043;043;11;Cavalo
11/08/2026;PTM;11:30;3º;5140;140;10;Coelho
11/08/2026;PTM;11:30;4º;4208;208;02;Águia
11/08/2026;PTM;11:30;5º;6922;922;06;Cabra
11/08/2026;PT;14:30;1º;1251;251;13;Galo
11/08/2026;PT;14:30;2º;3432;432;08;Camelo
11/08/2026;PT;14:30;3º;8407;407;02;Águia
11/08/2026;PT;14:30;4º;7274;274;19;Pavão
11/08/2026;PT;14:30;5º;9262;262;16;Leão
11/08/2026;PTV;16:30;1º;8292;292;23;Urso
11/08/2026;PTV;16:30;2º;3749;749;13;Galo
11/08/2026;PTV;16:30;3º;3795;795;24;Veado
11/08/2026;PTV;16:30;4º;6861;861;16;Leão
11/08/2026;PTV;16:30;5º;3262;262;16;Leão
11/08/2026;PPT;09:30;1º;5953;953;14;Gato
11/08/2026;PPT;09:30;2º;2243;243;11;Cavalo
11/08/2026;PPT;09:30;3º;4303;303;01;Avestruz
11/08/2026;PPT;09:30;4º;1142;142;11;Cavalo
11/08/2026;PPT;09:30;5º;4511;511;03;Burro
11/08/2026;PTM;11:30;1º;7010;010;03;Burro
11/08/2026;PTM;11:30;2º;9043;043;11;Cavalo
11/08/2026;PTM;11:30;3º;5140;140;10;Coelho
11/08/2026;PTM;11:30;4º;4208;208;02;Águia
11/08/2026;PTM;11:30;5º;6922;922;06;Cabra
11/08/2026;PT;14:30;1º;1251;251;13;Galo
11/08/2026;PT;14:30;2º;3432;432;08;Camelo
11/08/2026;PT;14:30;3º;8407;407;02;Águia
11/08/2026;PT;14:30;4º;7274;274;19;Pavão
11/08/2026;PT;14:30;5º;9262;262;16;Leão
11/08/2026;PTV;16:30;1º;8292;292;23;Urso
11/08/2026;PTV;16:30;2º;3749;749;13;Galo
11/08/2026;PTV;16:30;3º;3795;795;24;Veado
11/08/2026;PTV;16:30;4º;6861;861;16;Leão
11/08/2026;PTV;16:30;5º;3262;262;16;Leão
11/08/2026;Ptn;--:--;1º;1278;278;20;Peru
11/08/2026;Ptn;--:--;2º;4737;737;10;Coelho
11/08/2026;Ptn;--:--;3º;7880;880;20;Peru
11/08/2026;Ptn;--:--;4º;2262;262;16;Leão
11/08/2026;Ptn;--:--;5º;9992;992;23;Urso
11/08/2026;PPT;09:30;1º;5953;953;14;Gato
11/08/2026;PPT;09:30;2º;2243;243;11;Cavalo
11/08/2026;PPT;09:30;3º;4303;303;01;Avestruz
11/08/2026;PPT;09:30;4º;1142;142;11;Cavalo
11/08/2026;PPT;09:30;5º;4511;511;03;Burro
11/08/2026;PTM;11:30;1º;7010;010;03;Burro
11/08/2026;PTM;11:30;2º;9043;043;11;Cavalo
11/08/2026;PTM;11:30;3º;5140;140;10;Coelho
11/08/2026;PTM;11:30;4º;4208;208;02;Águia
11/08/2026;PTM;11:30;5º;6922;922;06;Cabra
11/08/2026;PT;14:30;1º;1251;251;13;Galo
11/08/2026;PT;14:30;2º;3432;432;08;Camelo
11/08/2026;PT;14:30;3º;8407;407;02;Águia
11/08/2026;PT;14:30;4º;7274;274;19;Pavão
11/08/2026;PT;14:30;5º;9262;262;16;Leão
11/08/2026;PTV;16:30;1º;8292;292;23;Urso
11/08/2026;PTV;16:30;2º;3749;749;13;Galo
11/08/2026;PTV;16:30;3º;3795;795;24;Veado
11/08/2026;PTV;16:30;4º;6861;861;16;Leão
11/08/2026;PTV;16:30;5º;3262;262;16;Leão
11/08/2026;Ptn;--:--;1º;1278;278;20;Peru
11/08/2026;Ptn;--:--;2º;4737;737;10;Coelho
11/08/2026;Ptn;--:--;3º;7880;880;20;Peru
11/08/2026;Ptn;--:--;4º;2262;262;16;Leão
11/08/2026;Ptn;--:--;5º;9992;992;23;Urso
11/08/2026;PPT;09:30;1º;5953;953;14;Gato
11/08/2026;PPT;09:30;2º;2243;243;11;Cavalo
11/08/2026;PPT;09:30;3º;4303;303;01;Avestruz
11/08/2026;PPT;09:30;4º;1142;142;11;Cavalo
11/08/2026;PPT;09:30;5º;4511;511;03;Burro
11/08/2026;PTM;11:30;1º;7010;010;03;Burro
11/08/2026;PTM;11:30;2º;9043;043;11;Cavalo
11/08/2026;PTM;11:30;3º;5140;140;10;Coelho
11/08/2026;PTM;11:30;4º;4208;208;02;Águia
11/08/2026;PTM;11:30;5º;6922;922;06;Cabra
11/08/2026;PT;14:30;1º;1251;251;13;Galo
11/08/2026;PT;14:30;2º;3432;432;08;Camelo
11/08/2026;PT;14:30;3º;8407;407;02;Águia
11/08/2026;PT;14:30;4º;7274;274;19;Pavão
11/08/2026;PT;14:30;5º;9262;262;16;Leão
11/08/2026;PTV;16:30;1º;8292;292;23;Urso
11/08/2026;PTV;16:30;2º;3749;749;13;Galo
11/08/2026;PTV;16:30;3º;3795;795;24;Veado
11/08/2026;PTV;16:30;4º;6861;861;16;Leão
11/08/2026;PTV;16:30;5º;3262;262;16;Leão
11/08/2026;Ptn;--:--;1º;1278;278;20;Peru
11/08/2026;Ptn;--:--;2º;4737;737;10;Coelho
11/08/2026;Ptn;--:--;3º;7880;880;20;Peru
11/08/2026;Ptn;--:--;4º;2262;262;16;Leão
11/08/2026;Ptn;--:--;5º;9992;992;23;Urso
11/08/2026;PPT;09:30;1º;5953;953;14;Gato
11/08/2026;PPT;09:30;2º;2243;243;11;Cavalo
11/08/2026;PPT;09:30;3º;4303;303;01;Avestruz
11/08/2026;PPT;09:30;4º;1142;142;11;Cavalo
11/08/2026;PPT;09:30;5º;4511;511;03;Burro
11/08/2026;PTM;11:30;1º;7010;010;03;Burro
11/08/2026;PTM;11:30;2º;9043;043;11;Cavalo
11/08/2026;PTM;11:30;3º;5140;140;10;Coelho
11/08/2026;PTM;11:30;4º;4208;208;02;Águia
11/08/2026;PTM;11:30;5º;6922;922;06;Cabra
11/08/2026;PT;14:30;1º;1251;251;13;Galo
11/08/2026;PT;14:30;2º;3432;432;08;Camelo
11/08/2026;PT;14:30;3º;8407;407;02;Águia
11/08/2026;PT;14:30;4º;7274;274;19;Pavão
11/08/2026;PT;14:30;5º;9262;262;16;Leão
11/08/2026;PTV;16:30;1º;8292;292;23;Urso
11/08/2026;PTV;16:30;2º;3749;749;13;Galo
11/08/2026;PTV;16:30;3º;3795;795;24;Veado
11/08/2026;PTV;16:30;4º;6861;861;16;Leão
11/08/2026;PTV;16:30;5º;3262;262;16;Leão
11/08/2026;Ptn;--:--;1º;1278;278;20;Peru
11/08/2026;Ptn;--:--;2º;4737;737;10;Coelho
11/08/2026;Ptn;--:--;3º;7880;880;20;Peru
11/08/2026;Ptn;--:--;4º;2262;262;16;Leão
11/08/2026;Ptn;--:--;5º;9992;992;23;Urso
11/08/2026;CORUJA;21:30;1º;8623;623;06;Cabra
11/08/2026;CORUJA;21:30;2º;0821;821;06;Cabra
11/08/2026;CORUJA;21:30;3º;4799;799;25;Vaca
11/08/2026;CORUJA;21:30;4º;8975;975;19;Pavão
11/08/2026;CORUJA;21:30;5º;5375;375;19;Pavão
12/08/2026;PPT;09:30;1º;7323;323;06;Cabra
12/08/2026;PPT;09:30;2º;0843;843;11;Cavalo
12/08/2026;PPT;09:30;3º;1358;358;15;Jacaré
12/08/2026;PPT;09:30;4º;3585;585;22;Tigre
12/08/2026;PPT;09:30;5º;8896;896;24;Veado
12/08/2026;PPT;09:30;1º;7323;323;06;Cabra
12/08/2026;PPT;09:30;2º;0843;843;11;Cavalo
12/08/2026;PPT;09:30;3º;1358;358;15;Jacaré
12/08/2026;PPT;09:30;4º;3585;585;22;Tigre
12/08/2026;PPT;09:30;5º;8896;896;24;Veado
12/08/2026;PTM;11:30;1º;1751;751;13;Galo
12/08/2026;PTM;11:30;2º;7155;155;14;Gato
12/08/2026;PTM;11:30;3º;1504;504;01;Avestruz
12/08/2026;PTM;11:30;4º;2244;244;11;Cavalo
12/08/2026;PTM;11:30;5º;0565;565;17;Macaco
12/08/2026;PPT;09:30;1º;7323;323;06;Cabra
12/08/2026;PPT;09:30;2º;0843;843;11;Cavalo
12/08/2026;PPT;09:30;3º;1358;358;15;Jacaré
12/08/2026;PPT;09:30;4º;3585;585;22;Tigre
12/08/2026;PPT;09:30;5º;8896;896;24;Veado
12/08/2026;PTM;11:30;1º;1751;751;13;Galo
12/08/2026;PTM;11:30;2º;7155;155;14;Gato
12/08/2026;PTM;11:30;3º;1504;504;01;Avestruz
12/08/2026;PTM;11:30;4º;2244;244;11;Cavalo
12/08/2026;PTM;11:30;5º;0565;565;17;Macaco
12/08/2026;PPT;09:30;1º;7323;323;06;Cabra
12/08/2026;PPT;09:30;2º;0843;843;11;Cavalo
12/08/2026;PPT;09:30;3º;1358;358;15;Jacaré
12/08/2026;PPT;09:30;4º;3585;585;22;Tigre
12/08/2026;PPT;09:30;5º;8896;896;24;Veado
12/08/2026;PTM;11:30;1º;1751;751;13;Galo
12/08/2026;PTM;11:30;2º;7155;155;14;Gato
12/08/2026;PTM;11:30;3º;1504;504;01;Avestruz
12/08/2026;PTM;11:30;4º;2244;244;11;Cavalo
12/08/2026;PTM;11:30;5º;0565;565;17;Macaco
12/08/2026;PPT;09:30;1º;7323;323;06;Cabra
12/08/2026;PPT;09:30;2º;0843;843;11;Cavalo
12/08/2026;PPT;09:30;3º;1358;358;15;Jacaré
12/08/2026;PPT;09:30;4º;3585;585;22;Tigre
12/08/2026;PPT;09:30;5º;8896;896;24;Veado
12/08/2026;PTM;11:30;1º;1751;751;13;Galo
12/08/2026;PTM;11:30;2º;7155;155;14;Gato
12/08/2026;PTM;11:30;3º;1504;504;01;Avestruz
12/08/2026;PTM;11:30;4º;2244;244;11;Cavalo
12/08/2026;PTM;11:30;5º;0565;565;17;Macaco
12/08/2026;PT;14:30;1º;0236;236;09;Cobra
12/08/2026;PT;14:30;2º;6811;811;03;Burro
12/08/2026;PT;14:30;3º;5108;108;02;Águia
12/08/2026;PT;14:30;4º;1676;676;19;Pavão
12/08/2026;PT;14:30;5º;4429;429;08;Camelo
12/08/2026;PPT;09:30;1º;7323;323;06;Cabra
12/08/2026;PPT;09:30;2º;0843;843;11;Cavalo
12/08/2026;PPT;09:30;3º;1358;358;15;Jacaré
12/08/2026;PPT;09:30;4º;3585;585;22;Tigre
12/08/2026;PPT;09:30;5º;8896;896;24;Veado
12/08/2026;PTM;11:30;1º;1751;751;13;Galo
12/08/2026;PTM;11:30;2º;7155;155;14;Gato
12/08/2026;PTM;11:30;3º;1504;504;01;Avestruz
12/08/2026;PTM;11:30;4º;2244;244;11;Cavalo
12/08/2026;PTM;11:30;5º;0565;565;17;Macaco
12/08/2026;PT;14:30;1º;0236;236;09;Cobra
12/08/2026;PT;14:30;2º;6811;811;03;Burro
12/08/2026;PT;14:30;3º;5108;108;02;Águia
12/08/2026;PT;14:30;4º;1676;676;19;Pavão
12/08/2026;PT;14:30;5º;4429;429;08;Camelo
12/08/2026;PTV;16:30;1º;4902;902;01;Avestruz
12/08/2026;PTV;16:30;2º;9685;685;22;Tigre
12/08/2026;PTV;16:30;3º;7299;299;25;Vaca
12/08/2026;PTV;16:30;4º;9517;517;05;Cachorro
12/08/2026;PTV;16:30;5º;5880;880;20;Peru
12/08/2026;PPT;09:30;1º;7323;323;06;Cabra
12/08/2026;PPT;09:30;2º;0843;843;11;Cavalo
12/08/2026;PPT;09:30;3º;1358;358;15;Jacaré
12/08/2026;PPT;09:30;4º;3585;585;22;Tigre
12/08/2026;PPT;09:30;5º;8896;896;24;Veado
12/08/2026;PTM;11:30;1º;1751;751;13;Galo
12/08/2026;PTM;11:30;2º;7155;155;14;Gato
12/08/2026;PTM;11:30;3º;1504;504;01;Avestruz
12/08/2026;PTM;11:30;4º;2244;244;11;Cavalo
12/08/2026;PTM;11:30;5º;0565;565;17;Macaco
12/08/2026;PT;14:30;1º;0236;236;09;Cobra
12/08/2026;PT;14:30;2º;6811;811;03;Burro
12/08/2026;PT;14:30;3º;5108;108;02;Águia
12/08/2026;PT;14:30;4º;1676;676;19;Pavão
12/08/2026;PT;14:30;5º;4429;429;08;Camelo
12/08/2026;PTV;16:30;1º;4902;902;01;Avestruz
12/08/2026;PTV;16:30;2º;9685;685;22;Tigre
12/08/2026;PTV;16:30;3º;7299;299;25;Vaca
12/08/2026;PTV;16:30;4º;9517;517;05;Cachorro
12/08/2026;PTV;16:30;5º;5880;880;20;Peru
12/08/2026;PPT;09:30;1º;7323;323;06;Cabra
12/08/2026;PPT;09:30;2º;0843;843;11;Cavalo
12/08/2026;PPT;09:30;3º;1358;358;15;Jacaré
12/08/2026;PPT;09:30;4º;3585;585;22;Tigre
12/08/2026;PPT;09:30;5º;8896;896;24;Veado
12/08/2026;PTM;11:30;1º;1751;751;13;Galo
12/08/2026;PTM;11:30;2º;7155;155;14;Gato
12/08/2026;PTM;11:30;3º;1504;504;01;Avestruz
12/08/2026;PTM;11:30;4º;2244;244;11;Cavalo
12/08/2026;PTM;11:30;5º;0565;565;17;Macaco
12/08/2026;PT;14:30;1º;0236;236;09;Cobra
12/08/2026;PT;14:30;2º;6811;811;03;Burro
12/08/2026;PT;14:30;3º;5108;108;02;Águia
12/08/2026;PT;14:30;4º;1676;676;19;Pavão
12/08/2026;PT;14:30;5º;4429;429;08;Camelo
12/08/2026;PTV;16:30;1º;4902;902;01;Avestruz
12/08/2026;PTV;16:30;2º;9685;685;22;Tigre
12/08/2026;PTV;16:30;3º;7299;299;25;Vaca
12/08/2026;PTV;16:30;4º;9517;517;05;Cachorro
12/08/2026;PTV;16:30;5º;5880;880;20;Peru
12/08/2026;Federal;--:--;1º;6997;997;25;Vaca
12/08/2026;Federal;--:--;2º;4852;852;13;Galo
12/08/2026;Federal;--:--;3º;0091;091;23;Urso
12/08/2026;Federal;--:--;4º;2438;438;10;Coelho
12/08/2026;Federal;--:--;5º;9210;210;03;Burro
12/08/2026;PPT;09:30;1º;7323;323;06;Cabra
12/08/2026;PPT;09:30;2º;0843;843;11;Cavalo
12/08/2026;PPT;09:30;3º;1358;358;15;Jacaré
12/08/2026;PPT;09:30;4º;3585;585;22;Tigre
12/08/2026;PPT;09:30;5º;8896;896;24;Veado
12/08/2026;PTM;11:30;1º;1751;751;13;Galo
12/08/2026;PTM;11:30;2º;7155;155;14;Gato
12/08/2026;PTM;11:30;3º;1504;504;01;Avestruz
12/08/2026;PTM;11:30;4º;2244;244;11;Cavalo
12/08/2026;PTM;11:30;5º;0565;565;17;Macaco
12/08/2026;PT;14:30;1º;0236;236;09;Cobra
12/08/2026;PT;14:30;2º;6811;811;03;Burro
12/08/2026;PT;14:30;3º;5108;108;02;Águia
12/08/2026;PT;14:30;4º;1676;676;19;Pavão
12/08/2026;PT;14:30;5º;4429;429;08;Camelo
12/08/2026;PTV;16:30;1º;4902;902;01;Avestruz
12/08/2026;PTV;16:30;2º;9685;685;22;Tigre
12/08/2026;PTV;16:30;3º;7299;299;25;Vaca
12/08/2026;PTV;16:30;4º;9517;517;05;Cachorro
12/08/2026;PTV;16:30;5º;5880;880;20;Peru
12/08/2026;Federal;--:--;1º;6997;997;25;Vaca
12/08/2026;Federal;--:--;2º;4852;852;13;Galo
12/08/2026;Federal;--:--;3º;0091;091;23;Urso
12/08/2026;Federal;--:--;4º;2438;438;10;Coelho
12/08/2026;Federal;--:--;5º;9210;210;03;Burro
12/08/2026;CORUJA;21:30;1º;3283;283;21;Touro
12/08/2026;CORUJA;21:30;2º;2573;573;19;Pavão
12/08/2026;CORUJA;21:30;3º;1572;572;18;Porco
12/08/2026;CORUJA;21:30;4º;7731;731;08;Camelo
12/08/2026;CORUJA;21:30;5º;3525;525;07;Carneiro
13/08/2026;PPT;09:30;1º;6465;465;17;Macaco
13/08/2026;PPT;09:30;2º;7285;285;22;Tigre
13/08/2026;PPT;09:30;3º;4268;268;17;Macaco
13/08/2026;PPT;09:30;4º;1953;953;14;Gato
13/08/2026;PPT;09:30;5º;2582;582;21;Touro
13/08/2026;PPT;09:30;1º;6465;465;17;Macaco
13/08/2026;PPT;09:30;2º;7285;285;22;Tigre
13/08/2026;PPT;09:30;3º;4268;268;17;Macaco
13/08/2026;PPT;09:30;4º;1953;953;14;Gato
13/08/2026;PPT;09:30;5º;2582;582;21;Touro
13/08/2026;PTM;11:30;1º;3883;883;21;Touro
13/08/2026;PTM;11:30;2º;2809;809;03;Burro
13/08/2026;PTM;11:30;3º;0469;469;18;Porco
13/08/2026;PTM;11:30;4º;1986;986;22;Tigre
13/08/2026;PTM;11:30;5º;1322;322;06;Cabra
13/08/2026;PPT;09:30;1º;6465;465;17;Macaco
13/08/2026;PPT;09:30;2º;7285;285;22;Tigre
13/08/2026;PPT;09:30;3º;4268;268;17;Macaco
13/08/2026;PPT;09:30;4º;1953;953;14;Gato
13/08/2026;PPT;09:30;5º;2582;582;21;Touro
13/08/2026;PTM;11:30;1º;3883;883;21;Touro
13/08/2026;PTM;11:30;2º;2809;809;03;Burro
13/08/2026;PTM;11:30;3º;0469;469;18;Porco
13/08/2026;PTM;11:30;4º;1986;986;22;Tigre
13/08/2026;PTM;11:30;5º;1322;322;06;Cabra
13/08/2026;PPT;09:30;1º;6465;465;17;Macaco
13/08/2026;PPT;09:30;2º;7285;285;22;Tigre
13/08/2026;PPT;09:30;3º;4268;268;17;Macaco
13/08/2026;PPT;09:30;4º;1953;953;14;Gato
13/08/2026;PPT;09:30;5º;2582;582;21;Touro
13/08/2026;PTM;11:30;1º;3883;883;21;Touro
13/08/2026;PTM;11:30;2º;2809;809;03;Burro
13/08/2026;PTM;11:30;3º;0469;469;18;Porco
13/08/2026;PTM;11:30;4º;1986;986;22;Tigre
13/08/2026;PTM;11:30;5º;1322;322;06;Cabra
13/08/2026;PPT;09:30;1º;6465;465;17;Macaco
13/08/2026;PPT;09:30;2º;7285;285;22;Tigre
13/08/2026;PPT;09:30;3º;4268;268;17;Macaco
13/08/2026;PPT;09:30;4º;1953;953;14;Gato
13/08/2026;PPT;09:30;5º;2582;582;21;Touro
13/08/2026;PTM;11:30;1º;3883;883;21;Touro
13/08/2026;PTM;11:30;2º;2809;809;03;Burro
13/08/2026;PTM;11:30;3º;0469;469;18;Porco
13/08/2026;PTM;11:30;4º;1986;986;22;Tigre
13/08/2026;PTM;11:30;5º;1322;322;06;Cabra
13/08/2026;PT;14:30;1º;6421;421;06;Cabra
13/08/2026;PT;14:30;2º;4304;304;01;Avestruz
13/08/2026;PT;14:30;3º;4542;542;11;Cavalo
13/08/2026;PT;14:30;4º;8161;161;16;Leão
13/08/2026;PT;14:30;5º;5299;299;25;Vaca
13/08/2026;PPT;09:30;1º;6465;465;17;Macaco
13/08/2026;PPT;09:30;2º;7285;285;22;Tigre
13/08/2026;PPT;09:30;3º;4268;268;17;Macaco
13/08/2026;PPT;09:30;4º;1953;953;14;Gato
13/08/2026;PPT;09:30;5º;2582;582;21;Touro
13/08/2026;PTM;11:30;1º;3883;883;21;Touro
13/08/2026;PTM;11:30;2º;2809;809;03;Burro
13/08/2026;PTM;11:30;3º;0469;469;18;Porco
13/08/2026;PTM;11:30;4º;1986;986;22;Tigre
13/08/2026;PTM;11:30;5º;1322;322;06;Cabra
13/08/2026;PT;14:30;1º;6421;421;06;Cabra
13/08/2026;PT;14:30;2º;4304;304;01;Avestruz
13/08/2026;PT;14:30;3º;4542;542;11;Cavalo
13/08/2026;PT;14:30;4º;8161;161;16;Leão
13/08/2026;PT;14:30;5º;5299;299;25;Vaca
13/08/2026;PPT;09:30;1º;6465;465;17;Macaco
13/08/2026;PPT;09:30;2º;7285;285;22;Tigre
13/08/2026;PPT;09:30;3º;4268;268;17;Macaco
13/08/2026;PPT;09:30;4º;1953;953;14;Gato
13/08/2026;PPT;09:30;5º;2582;582;21;Touro
13/08/2026;PTM;11:30;1º;3883;883;21;Touro
13/08/2026;PTM;11:30;2º;2809;809;03;Burro
13/08/2026;PTM;11:30;3º;0469;469;18;Porco
13/08/2026;PTM;11:30;4º;1986;986;22;Tigre
13/08/2026;PTM;11:30;5º;1322;322;06;Cabra
13/08/2026;PT;14:30;1º;6421;421;06;Cabra
13/08/2026;PT;14:30;2º;4304;304;01;Avestruz
13/08/2026;PT;14:30;3º;4542;542;11;Cavalo
13/08/2026;PT;14:30;4º;8161;161;16;Leão
13/08/2026;PT;14:30;5º;5299;299;25;Vaca
13/08/2026;PTV;16:30;1º;7693;693;24;Veado
13/08/2026;PTV;16:30;2º;6798;798;25;Vaca
13/08/2026;PTV;16:30;3º;5503;503;01;Avestruz
13/08/2026;PTV;16:30;4º;3377;377;20;Peru
13/08/2026;PTV;16:30;5º;7591;591;23;Urso
13/08/2026;PPT;09:30;1º;6465;465;17;Macaco
13/08/2026;PPT;09:30;2º;7285;285;22;Tigre
13/08/2026;PPT;09:30;3º;4268;268;17;Macaco
13/08/2026;PPT;09:30;4º;1953;953;14;Gato
13/08/2026;PPT;09:30;5º;2582;582;21;Touro
13/08/2026;PTM;11:30;1º;3883;883;21;Touro
13/08/2026;PTM;11:30;2º;2809;809;03;Burro
13/08/2026;PTM;11:30;3º;0469;469;18;Porco
13/08/2026;PTM;11:30;4º;1986;986;22;Tigre
13/08/2026;PTM;11:30;5º;1322;322;06;Cabra
13/08/2026;PT;14:30;1º;6421;421;06;Cabra
13/08/2026;PT;14:30;2º;4304;304;01;Avestruz
13/08/2026;PT;14:30;3º;4542;542;11;Cavalo
13/08/2026;PT;14:30;4º;8161;161;16;Leão
13/08/2026;PT;14:30;5º;5299;299;25;Vaca
13/08/2026;PTV;16:30;1º;7693;693;24;Veado
13/08/2026;PTV;16:30;2º;6798;798;25;Vaca
13/08/2026;PTV;16:30;3º;5503;503;01;Avestruz
13/08/2026;PTV;16:30;4º;3377;377;20;Peru
13/08/2026;PTV;16:30;5º;7591;591;23;Urso
13/08/2026;Ptn;--:--;1º;1663;663;16;Leão
13/08/2026;Ptn;--:--;2º;0730;730;08;Camelo
13/08/2026;Ptn;--:--;3º;6907;907;02;Águia
13/08/2026;Ptn;--:--;4º;5583;583;21;Touro
13/08/2026;Ptn;--:--;5º;3509;509;03;Burro
13/08/2026;PPT;09:30;1º;6465;465;17;Macaco
13/08/2026;PPT;09:30;2º;7285;285;22;Tigre
13/08/2026;PPT;09:30;3º;4268;268;17;Macaco
13/08/2026;PPT;09:30;4º;1953;953;14;Gato
13/08/2026;PPT;09:30;5º;2582;582;21;Touro
13/08/2026;PTM;11:30;1º;3883;883;21;Touro
13/08/2026;PTM;11:30;2º;2809;809;03;Burro
13/08/2026;PTM;11:30;3º;0469;469;18;Porco
13/08/2026;PTM;11:30;4º;1986;986;22;Tigre
13/08/2026;PTM;11:30;5º;1322;322;06;Cabra
13/08/2026;PT;14:30;1º;6421;421;06;Cabra
13/08/2026;PT;14:30;2º;4304;304;01;Avestruz
13/08/2026;PT;14:30;3º;4542;542;11;Cavalo
13/08/2026;PT;14:30;4º;8161;161;16;Leão
13/08/2026;PT;14:30;5º;5299;299;25;Vaca
13/08/2026;PTV;16:30;1º;7693;693;24;Veado
13/08/2026;PTV;16:30;2º;6798;798;25;Vaca
13/08/2026;PTV;16:30;3º;5503;503;01;Avestruz
13/08/2026;PTV;16:30;4º;3377;377;20;Peru
13/08/2026;PTV;16:30;5º;7591;591;23;Urso
13/08/2026;Ptn;--:--;1º;1663;663;16;Leão
13/08/2026;Ptn;--:--;2º;0730;730;08;Camelo
13/08/2026;Ptn;--:--;3º;6907;907;02;Águia
13/08/2026;Ptn;--:--;4º;5583;583;21;Touro
13/08/2026;Ptn;--:--;5º;3509;509;03;Burro
13/08/2026;PPT;09:30;1º;6465;465;17;Macaco
13/08/2026;PPT;09:30;2º;7285;285;22;Tigre
13/08/2026;PPT;09:30;3º;4268;268;17;Macaco
13/08/2026;PPT;09:30;4º;1953;953;14;Gato
13/08/2026;PPT;09:30;5º;2582;582;21;Touro
13/08/2026;PTM;11:30;1º;3883;883;21;Touro
13/08/2026;PTM;11:30;2º;2809;809;03;Burro
13/08/2026;PTM;11:30;3º;0469;469;18;Porco
13/08/2026;PTM;11:30;4º;1986;986;22;Tigre
13/08/2026;PTM;11:30;5º;1322;322;06;Cabra
13/08/2026;PT;14:30;1º;6421;421;06;Cabra
13/08/2026;PT;14:30;2º;4304;304;01;Avestruz
13/08/2026;PT;14:30;3º;4542;542;11;Cavalo
13/08/2026;PT;14:30;4º;8161;161;16;Leão
13/08/2026;PT;14:30;5º;5299;299;25;Vaca
13/08/2026;PTV;16:30;1º;7693;693;24;Veado
13/08/2026;PTV;16:30;2º;6798;798;25;Vaca
13/08/2026;PTV;16:30;3º;5503;503;01;Avestruz
13/08/2026;PTV;16:30;4º;3377;377;20;Peru
13/08/2026;PTV;16:30;5º;7591;591;23;Urso
13/08/2026;Ptn;--:--;1º;1663;663;16;Leão
13/08/2026;Ptn;--:--;2º;0730;730;08;Camelo
13/08/2026;Ptn;--:--;3º;6907;907;02;Águia
13/08/2026;Ptn;--:--;4º;5583;583;21;Touro
13/08/2026;Ptn;--:--;5º;3509;509;03;Burro
13/08/2026;PPT;09:30;1º;6465;465;17;Macaco
13/08/2026;PPT;09:30;2º;7285;285;22;Tigre
13/08/2026;PPT;09:30;3º;4268;268;17;Macaco
13/08/2026;PPT;09:30;4º;1953;953;14;Gato
13/08/2026;PPT;09:30;5º;2582;582;21;Touro
13/08/2026;PTM;11:30;1º;3883;883;21;Touro
13/08/2026;PTM;11:30;2º;2809;809;03;Burro
13/08/2026;PTM;11:30;3º;0469;469;18;Porco
13/08/2026;PTM;11:30;4º;1986;986;22;Tigre
13/08/2026;PTM;11:30;5º;1322;322;06;Cabra
13/08/2026;PT;14:30;1º;6421;421;06;Cabra
13/08/2026;PT;14:30;2º;4304;304;01;Avestruz
13/08/2026;PT;14:30;3º;4542;542;11;Cavalo
13/08/2026;PT;14:30;4º;8161;161;16;Leão
13/08/2026;PT;14:30;5º;5299;299;25;Vaca
13/08/2026;PTV;16:30;1º;7693;693;24;Veado
13/08/2026;PTV;16:30;2º;6798;798;25;Vaca
13/08/2026;PTV;16:30;3º;5503;503;01;Avestruz
13/08/2026;PTV;16:30;4º;3377;377;20;Peru
13/08/2026;PTV;16:30;5º;7591;591;23;Urso
13/08/2026;Ptn;--:--;1º;1663;663;16;Leão
13/08/2026;Ptn;--:--;2º;0730;730;08;Camelo
13/08/2026;Ptn;--:--;3º;6907;907;02;Águia
13/08/2026;Ptn;--:--;4º;5583;583;21;Touro
13/08/2026;Ptn;--:--;5º;3509;509;03;Burro
13/08/2026;CORUJA;21:30;1º;3045;045;12;Elefante
13/08/2026;CORUJA;21:30;2º;1364;364;16;Leão
13/08/2026;CORUJA;21:30;3º;2243;243;11;Cavalo
13/08/2026;CORUJA;21:30;4º;5375;375;19;Pavão
13/08/2026;CORUJA;21:30;5º;1449;449;13;Galo
14/08/2026;PPT;09:30;1º;5941;941;11;Cavalo
14/08/2026;PPT;09:30;2º;6185;185;22;Tigre
14/08/2026;PPT;09:30;3º;9702;702;01;Avestruz
14/08/2026;PPT;09:30;4º;1879;879;20;Peru
14/08/2026;PPT;09:30;5º;2444;444;11;Cavalo
14/08/2026;PPT;09:30;1º;5941;941;11;Cavalo
14/08/2026;PPT;09:30;2º;6185;185;22;Tigre
14/08/2026;PPT;09:30;3º;9702;702;01;Avestruz
14/08/2026;PPT;09:30;4º;1879;879;20;Peru
14/08/2026;PPT;09:30;5º;2444;444;11;Cavalo
14/08/2026;PTM;11:30;1º;6016;016;04;Borboleta
14/08/2026;PTM;11:30;2º;7898;898;25;Vaca
14/08/2026;PTM;11:30;3º;3955;955;14;Gato
14/08/2026;PTM;11:30;4º;1839;839;10;Coelho
14/08/2026;PTM;11:30;5º;8431;431;08;Camelo
14/08/2026;PPT;09:30;1º;5941;941;11;Cavalo
14/08/2026;PPT;09:30;2º;6185;185;22;Tigre
14/08/2026;PPT;09:30;3º;9702;702;01;Avestruz
14/08/2026;PPT;09:30;4º;1879;879;20;Peru
14/08/2026;PPT;09:30;5º;2444;444;11;Cavalo
14/08/2026;PTM;11:30;1º;6016;016;04;Borboleta
14/08/2026;PTM;11:30;2º;7898;898;25;Vaca
14/08/2026;PTM;11:30;3º;3955;955;14;Gato
14/08/2026;PTM;11:30;4º;1839;839;10;Coelho
14/08/2026;PTM;11:30;5º;8431;431;08;Camelo
14/08/2026;PPT;09:30;1º;5941;941;11;Cavalo
14/08/2026;PPT;09:30;2º;6185;185;22;Tigre
14/08/2026;PPT;09:30;3º;9702;702;01;Avestruz
14/08/2026;PPT;09:30;4º;1879;879;20;Peru
14/08/2026;PPT;09:30;5º;2444;444;11;Cavalo
14/08/2026;PTM;11:30;1º;6016;016;04;Borboleta
14/08/2026;PTM;11:30;2º;7898;898;25;Vaca
14/08/2026;PTM;11:30;3º;3955;955;14;Gato
14/08/2026;PTM;11:30;4º;1839;839;10;Coelho
14/08/2026;PTM;11:30;5º;8431;431;08;Camelo
14/08/2026;PPT;09:30;1º;5941;941;11;Cavalo
14/08/2026;PPT;09:30;2º;6185;185;22;Tigre
14/08/2026;PPT;09:30;3º;9702;702;01;Avestruz
14/08/2026;PPT;09:30;4º;1879;879;20;Peru
14/08/2026;PPT;09:30;5º;2444;444;11;Cavalo
14/08/2026;PTM;11:30;1º;6016;016;04;Borboleta
14/08/2026;PTM;11:30;2º;7898;898;25;Vaca
14/08/2026;PTM;11:30;3º;3955;955;14;Gato
14/08/2026;PTM;11:30;4º;1839;839;10;Coelho
14/08/2026;PTM;11:30;5º;8431;431;08;Camelo
14/08/2026;PT;14:30;1º;5516;516;04;Borboleta
14/08/2026;PT;14:30;2º;6283;283;21;Touro
14/08/2026;PT;14:30;3º;7905;905;02;Águia
14/08/2026;PT;14:30;4º;4291;291;23;Urso
14/08/2026;PT;14:30;5º;2615;615;04;Borboleta
14/08/2026;PPT;09:30;1º;5941;941;11;Cavalo
14/08/2026;PPT;09:30;2º;6185;185;22;Tigre
14/08/2026;PPT;09:30;3º;9702;702;01;Avestruz
14/08/2026;PPT;09:30;4º;1879;879;20;Peru
14/08/2026;PPT;09:30;5º;2444;444;11;Cavalo
14/08/2026;PTM;11:30;1º;6016;016;04;Borboleta
14/08/2026;PTM;11:30;2º;7898;898;25;Vaca
14/08/2026;PTM;11:30;3º;3955;955;14;Gato
14/08/2026;PTM;11:30;4º;1839;839;10;Coelho
14/08/2026;PTM;11:30;5º;8431;431;08;Camelo
14/08/2026;PT;14:30;1º;5516;516;04;Borboleta
14/08/2026;PT;14:30;2º;6283;283;21;Touro
14/08/2026;PT;14:30;3º;7905;905;02;Águia
14/08/2026;PT;14:30;4º;4291;291;23;Urso
14/08/2026;PT;14:30;5º;2615;615;04;Borboleta
14/08/2026;PPT;09:30;1º;5941;941;11;Cavalo
14/08/2026;PPT;09:30;2º;6185;185;22;Tigre
14/08/2026;PPT;09:30;3º;9702;702;01;Avestruz
14/08/2026;PPT;09:30;4º;1879;879;20;Peru
14/08/2026;PPT;09:30;5º;2444;444;11;Cavalo
14/08/2026;PTM;11:30;1º;6016;016;04;Borboleta
14/08/2026;PTM;11:30;2º;7898;898;25;Vaca
14/08/2026;PTM;11:30;3º;3955;955;14;Gato
14/08/2026;PTM;11:30;4º;1839;839;10;Coelho
14/08/2026;PTM;11:30;5º;8431;431;08;Camelo
14/08/2026;PT;14:30;1º;5516;516;04;Borboleta
14/08/2026;PT;14:30;2º;6283;283;21;Touro
14/08/2026;PT;14:30;3º;7905;905;02;Águia
14/08/2026;PT;14:30;4º;4291;291;23;Urso
14/08/2026;PT;14:30;5º;2615;615;04;Borboleta
14/08/2026;PTV;16:30;1º;1474;474;19;Pavão
14/08/2026;PTV;16:30;2º;4826;826;07;Carneiro
14/08/2026;PTV;16:30;3º;9162;162;16;Leão
14/08/2026;PTV;16:30;4º;0148;148;12;Elefante
14/08/2026;PTV;16:30;5º;6801;801;01;Avestruz
14/08/2026;PPT;09:30;1º;5941;941;11;Cavalo
14/08/2026;PPT;09:30;2º;6185;185;22;Tigre
14/08/2026;PPT;09:30;3º;9702;702;01;Avestruz
14/08/2026;PPT;09:30;4º;1879;879;20;Peru
14/08/2026;PPT;09:30;5º;2444;444;11;Cavalo
14/08/2026;PTM;11:30;1º;6016;016;04;Borboleta
14/08/2026;PTM;11:30;2º;7898;898;25;Vaca
14/08/2026;PTM;11:30;3º;3955;955;14;Gato
14/08/2026;PTM;11:30;4º;1839;839;10;Coelho
14/08/2026;PTM;11:30;5º;8431;431;08;Camelo
14/08/2026;PT;14:30;1º;5516;516;04;Borboleta
14/08/2026;PT;14:30;2º;6283;283;21;Touro
14/08/2026;PT;14:30;3º;7905;905;02;Águia
14/08/2026;PT;14:30;4º;4291;291;23;Urso
14/08/2026;PT;14:30;5º;2615;615;04;Borboleta
14/08/2026;PTV;16:30;1º;1474;474;19;Pavão
14/08/2026;PTV;16:30;2º;4826;826;07;Carneiro
14/08/2026;PTV;16:30;3º;9162;162;16;Leão
14/08/2026;PTV;16:30;4º;0148;148;12;Elefante
14/08/2026;PTV;16:30;5º;6801;801;01;Avestruz
14/08/2026;PPT;09:30;1º;5941;941;11;Cavalo
14/08/2026;PPT;09:30;2º;6185;185;22;Tigre
14/08/2026;PPT;09:30;3º;9702;702;01;Avestruz
14/08/2026;PPT;09:30;4º;1879;879;20;Peru
14/08/2026;PPT;09:30;5º;2444;444;11;Cavalo
14/08/2026;PTM;11:30;1º;6016;016;04;Borboleta
14/08/2026;PTM;11:30;2º;7898;898;25;Vaca
14/08/2026;PTM;11:30;3º;3955;955;14;Gato
14/08/2026;PTM;11:30;4º;1839;839;10;Coelho
14/08/2026;PTM;11:30;5º;8431;431;08;Camelo
14/08/2026;PT;14:30;1º;5516;516;04;Borboleta
14/08/2026;PT;14:30;2º;6283;283;21;Touro
14/08/2026;PT;14:30;3º;7905;905;02;Águia
14/08/2026;PT;14:30;4º;4291;291;23;Urso
14/08/2026;PT;14:30;5º;2615;615;04;Borboleta
14/08/2026;PTV;16:30;1º;1474;474;19;Pavão
14/08/2026;PTV;16:30;2º;4826;826;07;Carneiro
14/08/2026;PTV;16:30;3º;9162;162;16;Leão
14/08/2026;PTV;16:30;4º;0148;148;12;Elefante
14/08/2026;PTV;16:30;5º;6801;801;01;Avestruz
14/08/2026;PPT;09:30;1º;5941;941;11;Cavalo
14/08/2026;PPT;09:30;2º;6185;185;22;Tigre
14/08/2026;PPT;09:30;3º;9702;702;01;Avestruz
14/08/2026;PPT;09:30;4º;1879;879;20;Peru
14/08/2026;PPT;09:30;5º;2444;444;11;Cavalo
14/08/2026;PTM;11:30;1º;6016;016;04;Borboleta
14/08/2026;PTM;11:30;2º;7898;898;25;Vaca
14/08/2026;PTM;11:30;3º;3955;955;14;Gato
14/08/2026;PTM;11:30;4º;1839;839;10;Coelho
14/08/2026;PTM;11:30;5º;8431;431;08;Camelo
14/08/2026;PT;14:30;1º;5516;516;04;Borboleta
14/08/2026;PT;14:30;2º;6283;283;21;Touro
14/08/2026;PT;14:30;3º;7905;905;02;Águia
14/08/2026;PT;14:30;4º;4291;291;23;Urso
14/08/2026;PT;14:30;5º;2615;615;04;Borboleta
14/08/2026;PTV;16:30;1º;1474;474;19;Pavão
14/08/2026;PTV;16:30;2º;4826;826;07;Carneiro
14/08/2026;PTV;16:30;3º;9162;162;16;Leão
14/08/2026;PTV;16:30;4º;0148;148;12;Elefante
14/08/2026;PTV;16:30;5º;6801;801;01;Avestruz
14/08/2026;Ptn;--:--;1º;7225;225;07;Carneiro
14/08/2026;Ptn;--:--;2º;1770;770;18;Porco
14/08/2026;Ptn;--:--;3º;5325;325;07;Carneiro
14/08/2026;Ptn;--:--;4º;5568;568;17;Macaco
14/08/2026;Ptn;--:--;5º;4596;596;24;Veado
